Episode,Epsilon,Reward,Reward cumulee,Episode Duration,Loss,True Value,Value Estimate,TD Error,Touches Joueur 2,Touches Cumulees Joueur 2
2,0.8775,-10,-10,1.4522051811218262,9.051705241203308,1.1585135,0.86969745,0.2888161,0,0
2,0.8775,-10,-10,1.4522051811218262,9.051705241203308,0.4657553,1.2864703,-0.82071495,0,0
2,0.8775,-10,-10,1.4522051811218262,9.051705241203308,0.25487927,0.08719532,0.16768394,0,0
2,0.8775,-10,-10,1.4522051811218262,9.051705241203308,1.264563,1.6933804,-0.4288174,0,0
2,0.8775,-10,-10,1.4522051811218262,9.051705241203308,0.20393373,-0.059481367,0.2634151,0,0
2,0.8775,-10,-10,1.4522051811218262,9.051705241203308,1.0943888,0.9371226,0.15726626,0,0
2,0.8775,-10,-10,1.4522051811218262,9.051705241203308,1.2788228,1.6549388,-0.37611604,0,0
2,0.8775,-10,-10,1.4522051811218262,9.051705241203308,-10.0,-0.16413656,-9.835863,0,0
2,0.8775,-10,-10,1.4522051811218262,9.051705241203308,0.22792557,0.50203866,-0.2741131,0,0
2,0.8775,-10,-10,1.4522051811218262,9.051705241203308,0.83899736,1.1158931,-0.27689576,0,0
2,0.8775,-10,-10,1.4522051811218262,9.051705241203308,0.6651656,0.91315985,-0.24799424,0,0
2,0.8775,-10,-10,1.4522051811218262,9.051705241203308,-10.0,1.6198969,-11.619897,0,0
2,0.8775,-10,-10,1.4522051811218262,9.051705241203308,0.75128895,1.4071596,-0.6558706,0,0
2,0.8775,-10,-10,1.4522051811218262,9.051705241203308,0.8662766,1.3968803,-0.53060365,0,0
2,0.8775,-10,-10,1.4522051811218262,9.051705241203308,0.75128895,1.3280686,-0.57677966,0,0
2,0.8775,-10,-10,1.4522051811218262,9.051705241203308,1.3891965,2.5433583,-1.1541618,0,0
2,0.8775,-10,-10,1.4522051811218262,9.051705241203308,0.9920806,1.417473,-0.42539233,0,0
2,0.8775,-10,-10,1.4522051811218262,9.051705241203308,0.3231191,0.086639956,0.23647915,0,0
2,0.8775,-10,-10,1.4522051811218262,9.051705241203308,0.4804937,0.80810744,-0.32761374,0,0
2,0.8775,-10,-10,1.4522051811218262,9.051705241203308,0.7016658,1.1885047,-0.48683888,0,0
2,0.8775,-10,-10,1.4522051811218262,9.051705241203308,1.1358887,1.729058,-0.59316933,0,0
2,0.8775,-10,-10,1.4522051811218262,9.051705241203308,0.5725858,1.2941319,-0.72154605,0,0
2,0.8775,-10,-10,1.4522051811218262,9.051705241203308,1.11292,2.0007606,-0.8878405,0,0
2,0.8775,-10,-10,1.4522051811218262,9.051705241203308,0.76414895,1.1390073,-0.37485838,0,0
2,0.8775,-10,-10,1.4522051811218262,9.051705241203308,1.1761194,0.8770176,0.29910183,0,0
2,0.8775,-10,-10,1.4522051811218262,9.051705241203308,0.337166,0.06028697,0.27687904,0,0
2,0.8775,-10,-10,1.4522051811218262,9.051705241203308,1.1339781,0.10539472,1.0285834,0,0
2,0.8775,-10,-10,1.4522051811218262,9.051705241203308,0.86663616,1.4208919,-0.5542557,0,0
2,0.8775,-10,-10,1.4522051811218262,9.051705241203308,0.39852345,0.06028697,0.33823648,0,0
2,0.8775,-10,-10,1.4522051811218262,9.051705241203308,1.3620849,-0.026260078,1.388345,0,0
2,0.8775,-10,-10,1.4522051811218262,9.051705241203308,0.28245553,0.54152244,-0.2590669,0,0
2,0.8775,-10,-10,1.4522051811218262,9.051705241203308,0.66536915,1.3816439,-0.71627474,0,0
2,0.8775,-10,-10,1.4522051811218262,9.051705241203308,0.9120405,1.2900943,-0.37805378,0,0
2,0.8775,-10,-10,1.4522051811218262,9.051705241203308,0.86663616,1.2972411,-0.43060493,0,0
2,0.8775,-10,-10,1.4522051811218262,9.051705241203308,0.8494414,1.1955684,-0.34612703,0,0
2,0.8775,-10,-10,1.4522051811218262,9.051705241203308,0.9928016,1.5131029,-0.5203013,0,0
2,0.8775,-10,-10,1.4522051811218262,9.051705241203308,0.62303036,1.0258455,-0.40281516,0,0
2,0.8775,-10,-10,1.4522051811218262,9.051705241203308,0.27026442,0.2872583,-0.01699388,0,0
2,0.8775,-10,-10,1.4522051811218262,9.051705241203308,0.62378377,1.2283775,-0.6045937,0,0
2,0.8775,-10,-10,1.4522051811218262,9.051705241203308,0.9227747,1.3860508,-0.46327615,0,0
2,0.8775,-10,-10,1.4522051811218262,9.051705241203308,0.5297515,1.4062507,-0.87649924,0,0
2,0.8775,-10,-10,1.4522051811218262,9.051705241203308,0.78146726,0.4923004,0.28916687,0,0
2,0.8775,-10,-10,1.4522051811218262,9.051705241203308,1.132271,2.3578806,-1.2256095,0,0
2,0.8775,-10,-10,1.4522051811218262,9.051705241203308,0.6438226,0.2963696,0.347453,0,0
2,0.8775,-10,-10,1.4522051811218262,9.051705241203308,0.3880628,0.89341944,-0.50535667,0,0
2,0.8775,-10,-10,1.4522051811218262,9.051705241203308,0.544763,1.2478825,-0.70311946,0,0
2,0.8775,-10,-10,1.4522051811218262,9.051705241203308,0.5526107,1.2349662,-0.68235546,0,0
2,0.8775,-10,-10,1.4522051811218262,9.051705241203308,0.72659284,1.3828521,-0.65625924,0,0
2,0.8775,-10,-10,1.4522051811218262,9.051705241203308,1.0525006,0.8213951,0.2311055,0,0
2,0.8775,-10,-10,1.4522051811218262,9.051705241203308,0.68131244,1.192649,-0.51133657,0,0
2,0.8775,-10,-10,1.4522051811218262,9.051705241203308,0.68998426,0.9846983,-0.29471403,0,0
2,0.8775,-10,-10,1.4522051811218262,9.051705241203308,0.47525185,0.5492629,-0.07401103,0,0
2,0.8775,-10,-10,1.4522051811218262,9.051705241203308,0.8494414,0.64304805,0.20639336,0,0
2,0.8775,-10,-10,1.4522051811218262,9.051705241203308,1.4848176,2.1759043,-0.69108665,0,0
2,0.8775,-10,-10,1.4522051811218262,9.051705241203308,0.5911825,0.81608796,-0.22490549,0,0
2,0.8775,-10,-10,1.4522051811218262,9.051705241203308,0.56226,1.3429018,-0.78064185,0,0
2,0.8775,-10,-10,1.4522051811218262,9.051705241203308,0.32099786,0.11319688,0.20780098,0,0
2,0.8775,-10,-10,1.4522051811218262,9.051705241203308,0.5304715,0.412017,0.118454516,0,0
2,0.8775,-10,-10,1.4522051811218262,9.051705241203308,1.4631052,2.075973,-0.61286783,0,0
2,0.8775,-10,-10,1.4522051811218262,9.051705241203308,1.5108429,-0.18411767,1.6949606,0,0
2,0.8775,-10,-10,1.4522051811218262,9.051705241203308,0.6896209,1.4413217,-0.7517008,0,0
2,0.8775,-10,-10,1.4522051811218262,9.051705241203308,0.59369105,1.0030571,-0.40936607,0,0
2,0.8775,-10,-10,1.4522051811218262,9.051705241203308,1.3114506,0.9606755,0.35077512,0,0
2,0.8775,-10,-10,1.4522051811218262,9.051705241203308,1.3700558,1.6299323,-0.2598765,0,0
2,0.8775,-10,-10,1.4522051811218262,9.051705241203308,0.20393373,-0.0577396,0.26167333,0,0
2,0.8775,-10,-10,1.4522051811218262,9.051705241203308,0.316,0.4299064,-0.11390638,0,0
2,0.8775,-10,-10,1.4522051811218262,9.051705241203308,0.68891346,0.6093952,0.07951826,0,0
2,0.8775,-10,-10,1.4522051811218262,9.051705241203308,0.7808649,1.1115038,-0.33063895,0,0
2,0.8775,-10,-10,1.4522051811218262,9.051705241203308,0.5077874,0.522456,-0.014668584,0,0
2,0.8775,-10,-10,1.4522051811218262,9.051705241203308,0.7720112,1.4071596,-0.63514835,0,0
2,0.8775,-10,-10,1.4522051811218262,9.051705241203308,0.48055297,0.23265767,0.2478953,0,0
2,0.8775,-10,-10,1.4522051811218262,9.051705241203308,0.573895,1.0927294,-0.5188345,0,0
2,0.8775,-10,-10,1.4522051811218262,9.051705241203308,0.7790812,1.320823,-0.5417417,0,0
2,0.8775,-10,-10,1.4522051811218262,9.051705241203308,0.88849777,1.3366613,-0.44816357,0,0
2,0.8775,-10,-10,1.4522051811218262,9.051705241203308,1.11292,0.86969745,0.2432226,0,0
2,0.8775,-10,-10,1.4522051811218262,9.051705241203308,1.157813,1.6746932,-0.5168803,0,0
2,0.8775,-10,-10,1.4522051811218262,9.051705241203308,0.6776516,1.5053886,-0.82773703,0,0
2,0.8775,-10,-10,1.4522051811218262,9.051705241203308,0.5911825,0.91315985,-0.32197738,0,0
2,0.8775,-10,-10,1.4522051811218262,9.051705241203308,0.23710936,0.08719532,0.14991404,0,0
2,0.8775,-10,-10,1.4522051811218262,9.051705241203308,0.7679864,1.4178067,-0.6498203,0,0
2,0.8775,-10,-10,1.4522051811218262,9.051705241203308,0.653951,1.4322673,-0.7783163,0,0
2,0.8775,-10,-10,1.4522051811218262,9.051705241203308,1.4454228,-0.09568527,1.541108,0,0
2,0.8775,-10,-10,1.4522051811218262,9.051705241203308,0.7446001,1.3828521,-0.63825196,0,0
2,0.8775,-10,-10,1.4522051811218262,9.051705241203308,1.3891965,1.6198969,-0.23070037,0,0
2,0.8775,-10,-10,1.4522051811218262,9.051705241203308,0.39693072,0.65911347,-0.26218274,0,0
2,0.8775,-10,-10,1.4522051811218262,9.051705241203308,0.46215633,0.9343409,-0.47218457,0,0
2,0.8775,-10,-10,1.4522051811218262,9.051705241203308,0.6651656,1.0344875,-0.36932188,0,0
2,0.8775,-10,-10,1.4522051811218262,9.051705241203308,0.4690355,0.9427345,-0.47369897,0,0
2,0.8775,-10,-10,1.4522051811218262,9.051705241203308,0.5459689,0.3277939,0.218175,0,0
2,0.8775,-10,-10,1.4522051811218262,9.051705241203308,1.3967535,0.9856912,0.41106236,0,0
2,0.8775,-10,-10,1.4522051811218262,9.051705241203308,0.39693072,0.80810744,-0.4111767,0,0
2,0.8775,-10,-10,1.4522051811218262,9.051705241203308,0.25487927,0.17263871,0.08224055,0,0
2,0.8775,-10,-10,1.4522051811218262,9.051705241203308,0.6184471,1.2972432,-0.6787961,0,0
2,0.8775,-10,-10,1.4522051811218262,9.051705241203308,0.6083196,0.24685419,0.3614654,0,0
2,0.8775,-10,-10,1.4522051811218262,9.051705241203308,0.72659284,0.85794276,-0.13134992,0,0
2,0.8775,-10,-10,1.4522051811218262,9.051705241203308,0.5526107,0.18562968,0.36698103,0,0
2,0.8775,-10,-10,1.4522051811218262,9.051705241203308,0.5524942,0.50471354,0.047780693,0,0
2,0.8775,-10,-10,1.4522051811218262,9.051705241203308,1.5108429,2.075973,-0.5651301,0,0
2,0.8775,-10,-10,1.4522051811218262,9.051705241203308,0.653951,0.9846983,-0.3307473,0,0
2,0.8775,-10,-10,1.4522051811218262,9.051705241203308,1.2509426,2.3326745,-1.0817319,0,0
2,0.8775,-10,-10,1.4522051811218262,9.051705241203308,0.7438564,1.0778265,-0.33397013,0,0
2,0.8775,-10,-10,1.4522051811218262,9.051705241203308,0.28145945,0.24376735,0.0376921,0,0
2,0.8775,-10,-10,1.4522051811218262,9.051705241203308,0.7242442,1.3924757,-0.66823155,0,0
2,0.8775,-10,-10,1.4522051811218262,9.051705241203308,0.2069118,0.17145053,0.035461277,0,0
2,0.8775,-10,-10,1.4522051811218262,9.051705241203308,1.0264639,1.6220217,-0.5955578,0,0
2,0.8775,-10,-10,1.4522051811218262,9.051705241203308,0.63120675,1.0927294,-0.4615227,0,0
2,0.8775,-10,-10,1.4522051811218262,9.051705241203308,0.63719565,0.92128265,-0.284087,0,0
2,0.8775,-10,-10,1.4522051811218262,9.051705241203308,0.2069118,0.05108811,0.1558237,0,0
2,0.8775,-10,-10,1.4522051811218262,9.051705241203308,0.63120675,0.9708719,-0.33966517,0,0
2,0.8775,-10,-10,1.4522051811218262,9.051705241203308,1.0264639,1.6284997,-0.6020359,0,0
2,0.8775,-10,-10,1.4522051811218262,9.051705241203308,0.8992529,1.51482,-0.6155671,0,0
2,0.8775,-10,-10,1.4522051811218262,9.051705241203308,0.39852345,0.7993508,-0.40082735,0,0
2,0.8775,-10,-10,1.4522051811218262,9.051705241203308,0.52860326,0.3718903,0.15671295,0,0
2,0.8775,-10,-10,1.4522051811218262,9.051705241203308,0.70180106,1.0435437,-0.34174263,0,0
2,0.8775,-10,-10,1.4522051811218262,9.051705241203308,0.80967385,0.99020386,-0.18053001,0,0
2,0.8775,-10,-10,1.4522051811218262,9.051705241203308,0.7446001,1.1121739,-0.3675738,0,0
2,0.8775,-10,-10,1.4522051811218262,9.051705241203308,1.4173169,1.1624848,0.25483215,0,0
2,0.8775,-10,-10,1.4522051811218262,9.051705241203308,0.4690355,0.18562968,0.28340584,0,0
2,0.8775,-10,-10,1.4522051811218262,9.051705241203308,0.66536915,1.3280686,-0.66269946,0,0
2,0.8775,-10,-10,1.4522051811218262,9.051705241203308,0.19296287,0.3713188,-0.17835592,0,0
2,0.8775,-10,-10,1.4522051811218262,9.051705241203308,0.337166,0.043287694,0.29387832,0,0
2,0.8775,-10,-10,1.4522051811218262,9.051705241203308,0.52860326,1.0703042,-0.5417009,0,0
2,0.8775,-10,-10,1.4522051811218262,9.051705241203308,1.1339781,0.008701712,1.1252764,0,0
2,0.8775,-10,-10,1.4522051811218262,9.051705241203308,1.4631052,-0.1424686,1.6055738,0,0
2,0.8775,-10,-10,1.4522051811218262,9.051705241203308,1.4173169,1.9694479,-0.55213094,0,0
2,0.8775,-10,-10,1.4522051811218262,9.051705241203308,0.72697216,0.5605702,0.16640198,0,0
2,0.8775,-10,-10,1.4522051811218262,9.051705241203308,1.132271,1.6653237,-0.5330527,0,0
2,0.8775,-10,-10,1.4522051811218262,9.051705241203308,0.83899736,1.3366613,-0.49766397,0,0
3,0.8555624999999999,-10,-5,12.93308138847351,563.6181138977408,13.948198,12.7898445,1.1583538,5,5
3,0.8555624999999999,-10,-5,12.93308138847351,563.6181138977408,16.321081,15.286456,1.034625,5,5
3,0.8555624999999999,-10,-5,12.93308138847351,563.6181138977408,14.370342,13.361893,1.0084496,5,5
3,0.8555624999999999,-10,-5,12.93308138847351,563.6181138977408,16.141613,16.803505,-0.66189194,5,5
3,0.8555624999999999,-10,-5,12.93308138847351,563.6181138977408,11.082253,10.737114,0.3451395,5,5
3,0.8555624999999999,-10,-5,12.93308138847351,563.6181138977408,13.550527,13.359337,0.19118977,5,5
3,0.8555624999999999,-10,-5,12.93308138847351,563.6181138977408,10.051179,10.997042,-0.94586277,5,5
3,0.8555624999999999,-10,-5,12.93308138847351,563.6181138977408,17.98224,17.100573,0.8816681,5,5
3,0.8555624999999999,-10,-5,12.93308138847351,563.6181138977408,25.029848,25.406116,-0.3762684,5,5
3,0.8555624999999999,-10,-5,12.93308138847351,563.6181138977408,4.2344494,4.5100107,-0.27556133,5,5
3,0.8555624999999999,-10,-5,12.93308138847351,563.6181138977408,22.280716,20.472567,1.8081493,5,5
3,0.8555624999999999,-10,-5,12.93308138847351,563.6181138977408,23.480507,23.02864,0.45186615,5,5
3,0.8555624999999999,-10,-5,12.93308138847351,563.6181138977408,14.06313,14.648309,-0.5851784,5,5
3,0.8555624999999999,-10,-5,12.93308138847351,563.6181138977408,6.426365,7.050957,-0.6245923,5,5
3,0.8555624999999999,-10,-5,12.93308138847351,563.6181138977408,16.254843,18.080074,-1.8252316,5,5
3,0.8555624999999999,-10,-5,12.93308138847351,563.6181138977408,22.739208,23.782925,-1.0437164,5,5
3,0.8555624999999999,-10,-5,12.93308138847351,563.6181138977408,14.412508,14.357378,0.055130005,5,5
3,0.8555624999999999,-10,-5,12.93308138847351,563.6181138977408,11.08074,11.40308,-0.32234,5,5
3,0.8555624999999999,-10,-5,12.93308138847351,563.6181138977408,9.635822,10.229374,-0.59355164,5,5
3,0.8555624999999999,-10,-5,12.93308138847351,563.6181138977408,11.748979,11.000818,0.74816036,5,5
3,0.8555624999999999,-10,-5,12.93308138847351,563.6181138977408,10.402289,9.622633,0.7796564,5,5
3,0.8555624999999999,-10,-5,12.93308138847351,563.6181138977408,19.344719,19.510668,-0.16594887,5,5
3,0.8555624999999999,-10,-5,12.93308138847351,563.6181138977408,9.209757,10.138258,-0.9285011,5,5
3,0.8555624999999999,-10,-5,12.93308138847351,563.6181138977408,12.884864,13.668197,-0.7833328,5,5
3,0.8555624999999999,-10,-5,12.93308138847351,563.6181138977408,23.311903,25.025414,-1.7135105,5,5
3,0.8555624999999999,-10,-5,12.93308138847351,563.6181138977408,6.111378,6.390812,-0.27943373,5,5
3,0.8555624999999999,-10,-5,12.93308138847351,563.6181138977408,8.092406,8.893307,-0.80090046,5,5
3,0.8555624999999999,-10,-5,12.93308138847351,563.6181138977408,19.372032,19.539703,-0.1676712,5,5
3,0.8555624999999999,-10,-5,12.93308138847351,563.6181138977408,23.29685,24.336475,-1.0396252,5,5
3,0.8555624999999999,-10,-5,12.93308138847351,563.6181138977408,18.767708,19.723095,-0.9553871,5,5
3,0.8555624999999999,-10,-5,12.93308138847351,563.6181138977408,5.2820196,5.407293,-0.12527323,5,5
3,0.8555624999999999,-10,-5,12.93308138847351,563.6181138977408,18.015419,18.560051,-0.54463196,5,5
3,0.8555624999999999,-10,-5,12.93308138847351,563.6181138977408,19.169779,19.377234,-0.20745468,5,5
3,0.8555624999999999,-10,-5,12.93308138847351,563.6181138977408,5.660766,5.4241743,0.23659182,5,5
3,0.8555624999999999,-10,-5,12.93308138847351,563.6181138977408,4.615511,4.6547103,-0.039199352,5,5
3,0.8555624999999999,-10,-5,12.93308138847351,563.6181138977408,7.5547066,7.3878813,0.1668253,5,5
3,0.8555624999999999,-10,-5,12.93308138847351,563.6181138977408,14.243509,13.126596,1.1169128,5,5
3,0.8555624999999999,-10,-5,12.93308138847351,563.6181138977408,11.394761,11.43502,-0.04025936,5,5
3,0.8555624999999999,-10,-5,12.93308138847351,563.6181138977408,12.0357895,12.799477,-0.76368713,5,5
3,0.8555624999999999,-10,-5,12.93308138847351,563.6181138977408,13.220246,14.967873,-1.7476263,5,5
3,0.8555624999999999,-10,-5,12.93308138847351,563.6181138977408,12.493561,13.73946,-1.2458992,5,5
3,0.8555624999999999,-10,-5,12.93308138847351,563.6181138977408,9.513847,9.7601795,-0.24633217,5,5
3,0.8555624999999999,-10,-5,12.93308138847351,563.6181138977408,20.742395,18.824173,1.9182224,5,5
3,0.8555624999999999,-10,-5,12.93308138847351,563.6181138977408,7.3395543,8.891596,-1.5520415,5,5
3,0.8555624999999999,-10,-5,12.93308138847351,563.6181138977408,21.103165,21.96571,-0.862545,5,5
3,0.8555624999999999,-10,-5,12.93308138847351,563.6181138977408,6.0451803,7.691063,-1.6458826,5,5
3,0.8555624999999999,-10,-5,12.93308138847351,563.6181138977408,24.513968,24.715654,-0.20168686,5,5
3,0.8555624999999999,-10,-5,12.93308138847351,563.6181138977408,21.858229,25.026655,-3.1684265,5,5
3,0.8555624999999999,-10,-5,12.93308138847351,563.6181138977408,14.717256,14.255779,0.46147633,5,5
3,0.8555624999999999,-10,-5,12.93308138847351,563.6181138977408,9.627577,9.309858,0.3177185,5,5
3,0.8555624999999999,-10,-5,12.93308138847351,563.6181138977408,21.225254,23.231533,-2.006279,5,5
3,0.8555624999999999,-10,-5,12.93308138847351,563.6181138977408,21.17788,25.334927,-4.1570473,5,5
3,0.8555624999999999,-10,-5,12.93308138847351,563.6181138977408,8.88806,9.686538,-0.7984781,5,5
3,0.8555624999999999,-10,-5,12.93308138847351,563.6181138977408,16.15885,16.333012,-0.17416191,5,5
3,0.8555624999999999,-10,-5,12.93308138847351,563.6181138977408,19.04459,21.186428,-2.141838,5,5
3,0.8555624999999999,-10,-5,12.93308138847351,563.6181138977408,22.261002,21.50572,0.75528145,5,5
3,0.8555624999999999,-10,-5,12.93308138847351,563.6181138977408,11.533876,11.444046,0.0898304,5,5
3,0.8555624999999999,-10,-5,12.93308138847351,563.6181138977408,23.30614,23.040058,0.26608276,5,5
3,0.8555624999999999,-10,-5,12.93308138847351,563.6181138977408,20.90817,20.84346,0.06471062,5,5
3,0.8555624999999999,-10,-5,12.93308138847351,563.6181138977408,21.677357,17.943993,3.733364,5,5
3,0.8555624999999999,-10,-5,12.93308138847351,563.6181138977408,19.532858,18.757565,0.77529335,5,5
3,0.8555624999999999,-10,-5,12.93308138847351,563.6181138977408,14.717256,13.565938,1.1513176,5,5
3,0.8555624999999999,-10,-5,12.93308138847351,563.6181138977408,19.820417,21.173807,-1.3533897,5,5
3,0.8555624999999999,-10,-5,12.93308138847351,563.6181138977408,6.607961,5.7137,0.89426136,5,5
3,0.8555624999999999,-10,-5,12.93308138847351,563.6181138977408,8.818904,8.470664,0.3482399,5,5
3,0.8555624999999999,-10,-5,12.93308138847351,563.6181138977408,-10.0,7.6879997,-17.688,5,5
3,0.8555624999999999,-10,-5,12.93308138847351,563.6181138977408,11.291427,11.470402,-0.1789751,5,5
3,0.8555624999999999,-10,-5,12.93308138847351,563.6181138977408,4.6234913,6.50866,-1.8851686,5,5
3,0.8555624999999999,-10,-5,12.93308138847351,563.6181138977408,17.88954,15.403372,2.486168,5,5
3,0.8555624999999999,-10,-5,12.93308138847351,563.6181138977408,9.219325,8.434548,0.7847767,5,5
3,0.8555624999999999,-10,-5,12.93308138847351,563.6181138977408,12.93813,13.503229,-0.56509876,5,5
3,0.8555624999999999,-10,-5,12.93308138847351,563.6181138977408,24.180645,25.599209,-1.4185638,5,5
3,0.8555624999999999,-10,-5,12.93308138847351,563.6181138977408,5.9851766,6.046102,-0.060925484,5,5
3,0.8555624999999999,-10,-5,12.93308138847351,563.6181138977408,20.577496,20.965055,-0.3875599,5,5
3,0.8555624999999999,-10,-5,12.93308138847351,563.6181138977408,5.3359795,5.671018,-0.33503866,5,5
3,0.8555624999999999,-10,-5,12.93308138847351,563.6181138977408,13.304349,13.2912,0.0131492615,5,5
3,0.8555624999999999,-10,-5,12.93308138847351,563.6181138977408,11.550468,12.1551285,-0.60466003,5,5
3,0.8555624999999999,-10,-5,12.93308138847351,563.6181138977408,16.49642,16.934591,-0.4381714,5,5
3,0.8555624999999999,-10,-5,12.93308138847351,563.6181138977408,5.740638,5.148541,0.5920968,5,5
3,0.8555624999999999,-10,-5,12.93308138847351,563.6181138977408,24.340004,24.545717,-0.20571327,5,5
3,0.8555624999999999,-10,-5,12.93308138847351,563.6181138977408,5.263929,5.9217925,-0.6578636,5,5
3,0.8555624999999999,-10,-5,12.93308138847351,563.6181138977408,14.658985,16.177225,-1.51824,5,5
3,0.8555624999999999,-10,-5,12.93308138847351,563.6181138977408,6.0506573,6.1247773,-0.074120045,5,5
3,0.8555624999999999,-10,-5,12.93308138847351,563.6181138977408,21.86184,23.231533,-1.3696938,5,5
3,0.8555624999999999,-10,-5,12.93308138847351,563.6181138977408,21.777617,22.181505,-0.4038887,5,5
3,0.8555624999999999,-10,-5,12.93308138847351,563.6181138977408,16.712736,15.335988,1.3767481,5,5
3,0.8555624999999999,-10,-5,12.93308138847351,563.6181138977408,17.180006,19.643066,-2.4630604,5,5
3,0.8555624999999999,-10,-5,12.93308138847351,563.6181138977408,23.68858,24.70964,-1.021061,5,5
3,0.8555624999999999,-10,-5,12.93308138847351,563.6181138977408,13.028415,13.915747,-0.88733196,5,5
3,0.8555624999999999,-10,-5,12.93308138847351,563.6181138977408,8.636965,7.9633904,0.67357445,5,5
3,0.8555624999999999,-10,-5,12.93308138847351,563.6181138977408,5.6240096,6.0542245,-0.43021488,5,5
3,0.8555624999999999,-10,-5,12.93308138847351,563.6181138977408,18.865704,17.80541,1.0602932,5,5
3,0.8555624999999999,-10,-5,12.93308138847351,563.6181138977408,11.294183,11.848526,-0.5543432,5,5
3,0.8555624999999999,-10,-5,12.93308138847351,563.6181138977408,12.186135,11.371903,0.8142319,5,5
3,0.8555624999999999,-10,-5,12.93308138847351,563.6181138977408,14.436352,15.54454,-1.1081886,5,5
3,0.8555624999999999,-10,-5,12.93308138847351,563.6181138977408,25.234474,26.283726,-1.0492516,5,5
3,0.8555624999999999,-10,-5,12.93308138847351,563.6181138977408,22.31482,23.804136,-1.4893169,5,5
3,0.8555624999999999,-10,-5,12.93308138847351,563.6181138977408,18.726921,19.080444,-0.35352325,5,5
3,0.8555624999999999,-10,-5,12.93308138847351,563.6181138977408,19.598083,19.64452,-0.04643631,5,5
3,0.8555624999999999,-10,-5,12.93308138847351,563.6181138977408,12.619415,12.471863,0.14755249,5,5
3,0.8555624999999999,-10,-5,12.93308138847351,563.6181138977408,11.798362,13.229494,-1.4311323,5,5
3,0.8555624999999999,-10,-5,12.93308138847351,563.6181138977408,11.291427,11.81459,-0.5231638,5,5
3,0.8555624999999999,-10,-5,12.93308138847351,563.6181138977408,12.697611,15.1091385,-2.4115276,5,5
3,0.8555624999999999,-10,-5,12.93308138847351,563.6181138977408,13.287546,13.454582,-0.16703606,5,5
3,0.8555624999999999,-10,-5,12.93308138847351,563.6181138977408,23.887344,23.621506,0.26583862,5,5
3,0.8555624999999999,-10,-5,12.93308138847351,563.6181138977408,7.004141,6.942525,0.061615944,5,5
3,0.8555624999999999,-10,-5,12.93308138847351,563.6181138977408,13.730222,14.687866,-0.95764446,5,5
3,0.8555624999999999,-10,-5,12.93308138847351,563.6181138977408,24.695843,25.167976,-0.47213364,5,5
3,0.8555624999999999,-10,-5,12.93308138847351,563.6181138977408,18.029568,18.459908,-0.4303398,5,5
3,0.8555624999999999,-10,-5,12.93308138847351,563.6181138977408,12.781514,14.698128,-1.9166136,5,5
3,0.8555624999999999,-10,-5,12.93308138847351,563.6181138977408,24.838486,26.324978,-1.4864922,5,5
3,0.8555624999999999,-10,-5,12.93308138847351,563.6181138977408,23.362366,23.483084,-0.120718,5,5
3,0.8555624999999999,-10,-5,12.93308138847351,563.6181138977408,7.644594,8.40264,-0.75804615,5,5
3,0.8555624999999999,-10,-5,12.93308138847351,563.6181138977408,9.955394,10.163767,-0.20837307,5,5
3,0.8555624999999999,-10,-5,12.93308138847351,563.6181138977408,11.307722,9.69445,1.6132717,5,5
3,0.8555624999999999,-10,-5,12.93308138847351,563.6181138977408,19.598475,21.279907,-1.6814327,5,5
3,0.8555624999999999,-10,-5,12.93308138847351,563.6181138977408,22.725613,23.371069,-0.6454563,5,5
3,0.8555624999999999,-10,-5,12.93308138847351,563.6181138977408,9.999148,10.563768,-0.56462,5,5
3,0.8555624999999999,-10,-5,12.93308138847351,563.6181138977408,16.068335,15.06656,1.0017748,5,5
3,0.8555624999999999,-10,-5,12.93308138847351,563.6181138977408,10.276332,10.75057,-0.4742384,5,5
3,0.8555624999999999,-10,-5,12.93308138847351,563.6181138977408,17.54849,17.718748,-0.17025757,5,5
3,0.8555624999999999,-10,-5,12.93308138847351,563.6181138977408,9.796211,10.997042,-1.2008305,5,5
3,0.8555624999999999,-10,-5,12.93308138847351,563.6181138977408,24.898457,26.178411,-1.2799549,5,5
3,0.8555624999999999,-10,-5,12.93308138847351,563.6181138977408,14.319942,12.546238,1.7737045,5,5
3,0.8555624999999999,-10,-5,12.93308138847351,563.6181138977408,24.032955,24.821428,-0.7884731,5,5
3,0.8555624999999999,-10,-5,12.93308138847351,563.6181138977408,6.916194,6.952331,-0.036137104,5,5
3,0.8555624999999999,-10,-5,12.93308138847351,563.6181138977408,7.550123,8.406719,-0.856596,5,5
3,0.8555624999999999,-10,-5,12.93308138847351,563.6181138977408,13.439625,14.109239,-0.66961384,5,5
4,0.8341734374999998,-10,-8,6.046643495559692,897.5122056007385,22.348627,22.655935,-0.3073082,2,7
4,0.8341734374999998,-10,-8,6.046643495559692,897.5122056007385,24.385609,25.929848,-1.544239,2,7
4,0.8341734374999998,-10,-8,6.046643495559692,897.5122056007385,30.91338,31.143896,-0.23051643,2,7
4,0.8341734374999998,-10,-8,6.046643495559692,897.5122056007385,22.814405,23.234896,-0.42049026,2,7
4,0.8341734374999998,-10,-8,6.046643495559692,897.5122056007385,27.137533,28.362478,-1.2249451,2,7
4,0.8341734374999998,-10,-8,6.046643495559692,897.5122056007385,31.182535,31.945404,-0.7628689,2,7
4,0.8341734374999998,-10,-8,6.046643495559692,897.5122056007385,31.115238,32.13139,-1.0161514,2,7
4,0.8341734374999998,-10,-8,6.046643495559692,897.5122056007385,24.523483,25.70041,-1.1769276,2,7
4,0.8341734374999998,-10,-8,6.046643495559692,897.5122056007385,32.720734,32.82841,-0.10767746,2,7
4,0.8341734374999998,-10,-8,6.046643495559692,897.5122056007385,34.631763,35.94744,-1.3156776,2,7
4,0.8341734374999998,-10,-8,6.046643495559692,897.5122056007385,25.435371,24.22603,1.209341,2,7
4,0.8341734374999998,-10,-8,6.046643495559692,897.5122056007385,20.117548,19.805113,0.31243515,2,7
4,0.8341734374999998,-10,-8,6.046643495559692,897.5122056007385,25.943504,25.970926,-0.027421951,2,7
4,0.8341734374999998,-10,-8,6.046643495559692,897.5122056007385,29.721983,31.092089,-1.3701057,2,7
4,0.8341734374999998,-10,-8,6.046643495559692,897.5122056007385,33.798138,33.32626,0.47187805,2,7
4,0.8341734374999998,-10,-8,6.046643495559692,897.5122056007385,25.951515,27.112179,-1.1606636,2,7
4,0.8341734374999998,-10,-8,6.046643495559692,897.5122056007385,31.457037,33.630386,-2.1733494,2,7
4,0.8341734374999998,-10,-8,6.046643495559692,897.5122056007385,13.996324,18.095102,-4.0987787,2,7
4,0.8341734374999998,-10,-8,6.046643495559692,897.5122056007385,24.468365,25.20436,-0.73599434,2,7
4,0.8341734374999998,-10,-8,6.046643495559692,897.5122056007385,16.705273,16.419218,0.2860546,2,7
4,0.8341734374999998,-10,-8,6.046643495559692,897.5122056007385,31.419418,34.52506,-3.1056404,2,7
4,0.8341734374999998,-10,-8,6.046643495559692,897.5122056007385,35.20528,32.351906,2.8533745,2,7
4,0.8341734374999998,-10,-8,6.046643495559692,897.5122056007385,38.60459,42.294132,-3.6895409,2,7
4,0.8341734374999998,-10,-8,6.046643495559692,897.5122056007385,21.51532,22.05031,-0.5349903,2,7
4,0.8341734374999998,-10,-8,6.046643495559692,897.5122056007385,23.227583,24.520979,-1.293396,2,7
4,0.8341734374999998,-10,-8,6.046643495559692,897.5122056007385,38.762672,35.709206,3.0534668,2,7
4,0.8341734374999998,-10,-8,6.046643495559692,897.5122056007385,17.460394,14.714528,2.7458658,2,7
4,0.8341734374999998,-10,-8,6.046643495559692,897.5122056007385,23.810482,24.030748,-0.22026634,2,7
4,0.8341734374999998,-10,-8,6.046643495559692,897.5122056007385,29.509893,29.631786,-0.12189293,2,7
4,0.8341734374999998,-10,-8,6.046643495559692,897.5122056007385,18.989273,18.720385,0.26888847,2,7
4,0.8341734374999998,-10,-8,6.046643495559692,897.5122056007385,31.210094,32.107063,-0.89696884,2,7
4,0.8341734374999998,-10,-8,6.046643495559692,897.5122056007385,19.200058,18.657288,0.5427704,2,7
4,0.8341734374999998,-10,-8,6.046643495559692,897.5122056007385,38.729492,37.84293,0.88656235,2,7
4,0.8341734374999998,-10,-8,6.046643495559692,897.5122056007385,21.885668,21.341112,0.54455566,2,7
4,0.8341734374999998,-10,-8,6.046643495559692,897.5122056007385,29.32555,32.262695,-2.9371452,2,7
4,0.8341734374999998,-10,-8,6.046643495559692,897.5122056007385,26.665728,25.36528,1.3004475,2,7
4,0.8341734374999998,-10,-8,6.046643495559692,897.5122056007385,26.372913,25.070574,1.3023396,2,7
4,0.8341734374999998,-10,-8,6.046643495559692,897.5122056007385,20.105135,20.114227,-0.009092331,2,7
4,0.8341734374999998,-10,-8,6.046643495559692,897.5122056007385,22.502775,23.362259,-0.8594837,2,7
4,0.8341734374999998,-10,-8,6.046643495559692,897.5122056007385,31.043764,32.74856,-1.7047977,2,7
4,0.8341734374999998,-10,-8,6.046643495559692,897.5122056007385,13.325861,12.8253765,0.50048447,2,7
4,0.8341734374999998,-10,-8,6.046643495559692,897.5122056007385,31.120056,32.820503,-1.7004471,2,7
4,0.8341734374999998,-10,-8,6.046643495559692,897.5122056007385,23.810482,22.640957,1.1695251,2,7
4,0.8341734374999998,-10,-8,6.046643495559692,897.5122056007385,14.593876,14.512707,0.08116913,2,7
4,0.8341734374999998,-10,-8,6.046643495559692,897.5122056007385,11.212411,12.158369,-0.94595814,2,7
4,0.8341734374999998,-10,-8,6.046643495559692,897.5122056007385,34.22035,34.243446,-0.023097992,2,7
4,0.8341734374999998,-10,-8,6.046643495559692,897.5122056007385,38.96624,39.408005,-0.44176483,2,7
4,0.8341734374999998,-10,-8,6.046643495559692,897.5122056007385,25.49909,26.132471,-0.6333809,2,7
4,0.8341734374999998,-10,-8,6.046643495559692,897.5122056007385,21.504725,20.378607,1.1261177,2,7
4,0.8341734374999998,-10,-8,6.046643495559692,897.5122056007385,26.31973,28.62275,-2.3030186,2,7
4,0.8341734374999998,-10,-8,6.046643495559692,897.5122056007385,29.571424,26.571253,3.0001717,2,7
4,0.8341734374999998,-10,-8,6.046643495559692,897.5122056007385,23.759579,23.259674,0.49990463,2,7
4,0.8341734374999998,-10,-8,6.046643495559692,897.5122056007385,21.369265,21.704828,-0.33556366,2,7
4,0.8341734374999998,-10,-8,6.046643495559692,897.5122056007385,27.642658,28.037752,-0.39509392,2,7
4,0.8341734374999998,-10,-8,6.046643495559692,897.5122056007385,34.16821,32.235752,1.932457,2,7
4,0.8341734374999998,-10,-8,6.046643495559692,897.5122056007385,21.742435,21.478724,0.26371193,2,7
4,0.8341734374999998,-10,-8,6.046643495559692,897.5122056007385,31.813736,32.15391,-0.34017563,2,7
4,0.8341734374999998,-10,-8,6.046643495559692,897.5122056007385,34.269936,36.043453,-1.7735176,2,7
4,0.8341734374999998,-10,-8,6.046643495559692,897.5122056007385,28.752861,28.74431,0.008550644,2,7
4,0.8341734374999998,-10,-8,6.046643495559692,897.5122056007385,35.611984,34.780502,0.83148193,2,7
4,0.8341734374999998,-10,-8,6.046643495559692,897.5122056007385,10.576123,10.783094,-0.20697117,2,7
4,0.8341734374999998,-10,-8,6.046643495559692,897.5122056007385,20.454216,21.48945,-1.0352345,2,7
4,0.8341734374999998,-10,-8,6.046643495559692,897.5122056007385,22.817774,23.97466,-1.156887,2,7
4,0.8341734374999998,-10,-8,6.046643495559692,897.5122056007385,24.5115,25.535076,-1.0235767,2,7
4,0.8341734374999998,-10,-8,6.046643495559692,897.5122056007385,22.46552,22.811502,-0.3459816,2,7
4,0.8341734374999998,-10,-8,6.046643495559692,897.5122056007385,38.53713,38.212997,0.324131,2,7
4,0.8341734374999998,-10,-8,6.046643495559692,897.5122056007385,44.781174,43.843647,0.9375267,2,7
4,0.8341734374999998,-10,-8,6.046643495559692,897.5122056007385,21.9418,22.056864,-0.11506462,2,7
4,0.8341734374999998,-10,-8,6.046643495559692,897.5122056007385,23.163656,24.38746,-1.2238045,2,7
4,0.8341734374999998,-10,-8,6.046643495559692,897.5122056007385,34.86997,35.40593,-0.53596115,2,7
4,0.8341734374999998,-10,-8,6.046643495559692,897.5122056007385,-10.0,19.02164,-29.02164,2,7
4,0.8341734374999998,-10,-8,6.046643495559692,897.5122056007385,31.813543,35.957214,-4.143671,2,7
4,0.8341734374999998,-10,-8,6.046643495559692,897.5122056007385,20.957174,18.439638,2.5175362,2,7
4,0.8341734374999998,-10,-8,6.046643495559692,897.5122056007385,28.335434,28.00279,0.3326435,2,7
4,0.8341734374999998,-10,-8,6.046643495559692,897.5122056007385,24.97391,25.142569,-0.16865921,2,7
4,0.8341734374999998,-10,-8,6.046643495559692,897.5122056007385,37.156414,37.975864,-0.8194504,2,7
4,0.8341734374999998,-10,-8,6.046643495559692,897.5122056007385,27.879042,27.765944,0.113098145,2,7
4,0.8341734374999998,-10,-8,6.046643495559692,897.5122056007385,28.155704,27.99322,0.16248512,2,7
4,0.8341734374999998,-10,-8,6.046643495559692,897.5122056007385,23.600315,24.450514,-0.85019875,2,7
4,0.8341734374999998,-10,-8,6.046643495559692,897.5122056007385,24.48761,22.799364,1.6882458,2,7
4,0.8341734374999998,-10,-8,6.046643495559692,897.5122056007385,38.939346,38.98404,-0.044692993,2,7
4,0.8341734374999998,-10,-8,6.046643495559692,897.5122056007385,23.34643,22.999725,0.34670448,2,7
4,0.8341734374999998,-10,-8,6.046643495559692,897.5122056007385,27.188307,26.702261,0.48604584,2,7
4,0.8341734374999998,-10,-8,6.046643495559692,897.5122056007385,29.90973,29.42673,0.4830017,2,7
4,0.8341734374999998,-10,-8,6.046643495559692,897.5122056007385,24.297728,25.863894,-1.5661659,2,7
4,0.8341734374999998,-10,-8,6.046643495559692,897.5122056007385,34.677456,34.804214,-0.12675858,2,7
4,0.8341734374999998,-10,-8,6.046643495559692,897.5122056007385,22.814405,23.046165,-0.23176003,2,7
4,0.8341734374999998,-10,-8,6.046643495559692,897.5122056007385,36.110725,36.20373,-0.093006134,2,7
4,0.8341734374999998,-10,-8,6.046643495559692,897.5122056007385,27.294495,26.604315,0.6901798,2,7
4,0.8341734374999998,-10,-8,6.046643495559692,897.5122056007385,28.928009,28.590971,0.33703804,2,7
4,0.8341734374999998,-10,-8,6.046643495559692,897.5122056007385,34.022415,38.0008,-3.978386,2,7
4,0.8341734374999998,-10,-8,6.046643495559692,897.5122056007385,22.70543,22.14046,0.56497,2,7
4,0.8341734374999998,-10,-8,6.046643495559692,897.5122056007385,30.19436,28.16986,2.0245,2,7
4,0.8341734374999998,-10,-8,6.046643495559692,897.5122056007385,24.466099,26.010214,-1.5441151,2,7
4,0.8341734374999998,-10,-8,6.046643495559692,897.5122056007385,31.53475,31.763176,-0.22842598,2,7
4,0.8341734374999998,-10,-8,6.046643495559692,897.5122056007385,30.933067,30.361084,0.57198334,2,7
4,0.8341734374999998,-10,-8,6.046643495559692,897.5122056007385,35.94346,35.588707,0.3547516,2,7
4,0.8341734374999998,-10,-8,6.046643495559692,897.5122056007385,38.125187,38.147083,-0.021896362,2,7
4,0.8341734374999998,-10,-8,6.046643495559692,897.5122056007385,27.498075,29.1444,-1.6463242,2,7
4,0.8341734374999998,-10,-8,6.046643495559692,897.5122056007385,46.7975,48.549934,-1.7524338,2,7
4,0.8341734374999998,-10,-8,6.046643495559692,897.5122056007385,8.507384,9.819645,-1.3122606,2,7
4,0.8341734374999998,-10,-8,6.046643495559692,897.5122056007385,33.58924,31.638943,1.9502983,2,7
4,0.8341734374999998,-10,-8,6.046643495559692,897.5122056007385,22.350489,23.946293,-1.5958042,2,7
4,0.8341734374999998,-10,-8,6.046643495559692,897.5122056007385,9.558429,11.339004,-1.7805748,2,7
4,0.8341734374999998,-10,-8,6.046643495559692,897.5122056007385,32.15909,32.708973,-0.5498848,2,7
4,0.8341734374999998,-10,-8,6.046643495559692,897.5122056007385,23.80153,25.301723,-1.5001926,2,7
4,0.8341734374999998,-10,-8,6.046643495559692,897.5122056007385,25.889225,26.957962,-1.068737,2,7
4,0.8341734374999998,-10,-8,6.046643495559692,897.5122056007385,12.116488,13.999535,-1.8830462,2,7
4,0.8341734374999998,-10,-8,6.046643495559692,897.5122056007385,21.581547,20.658974,0.9225731,2,7
4,0.8341734374999998,-10,-8,6.046643495559692,897.5122056007385,19.148052,19.006922,0.14113045,2,7
4,0.8341734374999998,-10,-8,6.046643495559692,897.5122056007385,35.636925,34.94988,0.68704605,2,7
4,0.8341734374999998,-10,-8,6.046643495559692,897.5122056007385,29.377478,31.282776,-1.9052982,2,7
4,0.8341734374999998,-10,-8,6.046643495559692,897.5122056007385,25.49909,24.494099,1.0049915,2,7
4,0.8341734374999998,-10,-8,6.046643495559692,897.5122056007385,37.698353,36.764454,0.9338989,2,7
4,0.8341734374999998,-10,-8,6.046643495559692,897.5122056007385,27.520248,26.921314,0.5989342,2,7
4,0.8341734374999998,-10,-8,6.046643495559692,897.5122056007385,31.486229,31.266996,0.21923256,2,7
4,0.8341734374999998,-10,-8,6.046643495559692,897.5122056007385,34.348526,36.495167,-2.1466408,2,7
4,0.8341734374999998,-10,-8,6.046643495559692,897.5122056007385,23.718508,23.582777,0.13573074,2,7
4,0.8341734374999998,-10,-8,6.046643495559692,897.5122056007385,18.072624,18.459866,-0.38724136,2,7
4,0.8341734374999998,-10,-8,6.046643495559692,897.5122056007385,34.22035,33.66506,0.5552902,2,7
4,0.8341734374999998,-10,-8,6.046643495559692,897.5122056007385,29.64322,30.935863,-1.2926426,2,7
4,0.8341734374999998,-10,-8,6.046643495559692,897.5122056007385,28.09329,28.492302,-0.3990116,2,7
4,0.8341734374999998,-10,-8,6.046643495559692,897.5122056007385,19.70851,20.432438,-0.72392845,2,7
4,0.8341734374999998,-10,-8,6.046643495559692,897.5122056007385,24.01449,24.731895,-0.7174053,2,7
4,0.8341734374999998,-10,-8,6.046643495559692,897.5122056007385,14.94239,16.89496,-1.95257,2,7
4,0.8341734374999998,-10,-8,6.046643495559692,897.5122056007385,26.773064,27.710854,-0.9377899,2,7
4,0.8341734374999998,-10,-8,6.046643495559692,897.5122056007385,27.187922,28.15558,-0.967659,2,7
4,0.8341734374999998,-10,-8,6.046643495559692,897.5122056007385,20.493435,20.189922,0.30351257,2,7
