Episode,Epsilon,Reward,Reward cumulee,Episode Duration,Loss,True Value,Value Estimate,TD Error,Touches Joueur 2,Touches Joueur 2 Cumulees
2,0.8955,-10,-10,0.028335094451904297,1.5638071298599243,0.064525664,0.12067572,-0.056150056,0,0
2,0.8955,-10,-10,0.028335094451904297,1.5638071298599243,0.09135006,0.14004111,-0.04869105,0,0
2,0.8955,-10,-10,0.028335094451904297,1.5638071298599243,0.15682049,-0.2743837,0.4312042,0,0
2,0.8955,-10,-10,0.028335094451904297,1.5638071298599243,0.13805501,-0.2610716,0.3991266,0,0
2,0.8955,-10,-10,0.028335094451904297,1.5638071298599243,0.1104653,0.17876245,-0.06829715,0,0
2,0.8955,-10,-10,0.028335094451904297,1.5638071298599243,0.09557708,-0.0014317054,0.09700879,0,0
2,0.8955,-10,-10,0.028335094451904297,1.5638071298599243,0.09799737,0.09479749,0.0031998754,0,0
2,0.8955,-10,-10,0.028335094451904297,1.5638071298599243,-10.0,-0.3811592,-9.618841,0,0
2,0.8955,-10,-10,0.028335094451904297,1.5638071298599243,0.05123319,0.067504376,-0.016271185,0,0
2,0.8955,-10,-10,0.028335094451904297,1.5638071298599243,0.04881642,0.06594869,-0.017132267,0,0
2,0.8955,-10,-10,0.028335094451904297,1.5638071298599243,0.08440667,0.12793119,-0.043524526,0,0
2,0.8955,-10,-10,0.028335094451904297,1.5638071298599243,0.10299301,0.068008944,0.034984067,0,0
2,0.8955,-10,-10,0.028335094451904297,1.5638071298599243,0.09194898,0.12750147,-0.035552494,0,0
2,0.8955,-10,-10,0.028335094451904297,1.5638071298599243,0.15688315,0.15633112,0.0005520284,0,0
2,0.8955,-10,-10,0.028335094451904297,1.5638071298599243,0.15668291,-0.27606058,0.4327435,0,0
2,0.8955,-10,-10,0.028335094451904297,1.5638071298599243,0.062630594,0.07704149,-0.014410898,0,0
2,0.8955,-10,-10,0.028335094451904297,1.5638071298599243,0.084723994,0.12935211,-0.044628114,0,0
2,0.8955,-10,-10,0.028335094451904297,1.5638071298599243,0.10024817,0.1588784,-0.058630228,0,0
2,0.8955,-10,-10,0.028335094451904297,1.5638071298599243,0.14877477,0.10340306,0.04537171,0,0
2,0.8955,-10,-10,0.028335094451904297,1.5638071298599243,0.06850674,0.019509384,0.048997357,0,0
2,0.8955,-10,-10,0.028335094451904297,1.5638071298599243,0.086614594,0.08672999,-0.00011539459,0,0
2,0.8955,-10,-10,0.028335094451904297,1.5638071298599243,0.09191526,0.094773374,-0.0028581172,0,0
2,0.8955,-10,-10,0.028335094451904297,1.5638071298599243,0.085106365,-0.05756312,0.14266948,0,0
2,0.8955,-10,-10,0.028335094451904297,1.5638071298599243,0.15171754,0.15007684,0.0016407073,0,0
2,0.8955,-10,-10,0.028335094451904297,1.5638071298599243,0.14550562,0.10432667,0.04117895,0,0
2,0.8955,-10,-10,0.028335094451904297,1.5638071298599243,0.15643607,0.10237432,0.054061748,0,0
2,0.8955,-10,-10,0.028335094451904297,1.5638071298599243,0.093331665,0.090983175,0.00234849,0,0
2,0.8955,-10,-10,0.028335094451904297,1.5638071298599243,0.1363969,0.021592176,0.11480472,0,0
2,0.8955,-10,-10,0.028335094451904297,1.5638071298599243,0.15917997,-0.38114393,0.5403239,0,0
2,0.8955,-10,-10,0.028335094451904297,1.5638071298599243,0.15992998,0.15784355,0.0020864308,0,0
2,0.8955,-10,-10,0.028335094451904297,1.5638071298599243,0.1576842,0.15642402,0.0012601912,0,0
2,0.8955,-10,-10,0.028335094451904297,1.5638071298599243,0.15957321,-0.27771336,0.43728656,0,0
2,0.8955,-10,-10,0.028335094451904297,1.5638071298599243,0.15620895,0.06975456,0.086454384,0,0
2,0.8955,-10,-10,0.028335094451904297,1.5638071298599243,0.14362867,-0.2668235,0.4104522,0,0
2,0.8955,-10,-10,0.028335094451904297,1.5638071298599243,0.15861845,0.15755777,0.0010606796,0,0
2,0.8955,-10,-10,0.028335094451904297,1.5638071298599243,0.1541985,0.102945544,0.051252954,0,0
2,0.8955,-10,-10,0.028335094451904297,1.5638071298599243,0.037464906,0.061557353,-0.024092447,0,0
2,0.8955,-10,-10,0.028335094451904297,1.5638071298599243,0.09421556,0.12874734,-0.034531787,0,0
2,0.8955,-10,-10,0.028335094451904297,1.5638071298599243,0.098428644,0.12834252,-0.02991388,0,0
2,0.8955,-10,-10,0.028335094451904297,1.5638071298599243,0.0844444,0.12924902,-0.044804618,0,0
2,0.8955,-10,-10,0.028335094451904297,1.5638071298599243,0.15739258,-0.37565905,0.5330516,0,0
2,0.8955,-10,-10,0.028335094451904297,1.5638071298599243,0.13393399,0.007671645,0.12626235,0,0
2,0.8955,-10,-10,0.028335094451904297,1.5638071298599243,0.11325809,0.21688353,-0.10362543,0,0
2,0.8955,-10,-10,0.028335094451904297,1.5638071298599243,0.15425332,0.12924749,0.025005832,0,0
2,0.8955,-10,-10,0.028335094451904297,1.5638071298599243,0.04503248,0.063090935,-0.018058456,0,0
2,0.8955,-10,-10,0.028335094451904297,1.5638071298599243,0.15337528,-0.2739297,0.42730498,0,0
2,0.8955,-10,-10,0.028335094451904297,1.5638071298599243,0.14622504,-0.26943833,0.41566336,0,0
2,0.8955,-10,-10,0.028335094451904297,1.5638071298599243,0.027771136,0.048596803,-0.020825667,0,0
2,0.8955,-10,-10,0.028335094451904297,1.5638071298599243,0.06988239,0.12413763,-0.05425524,0,0
2,0.8955,-10,-10,0.028335094451904297,1.5638071298599243,0.09654019,0.14440754,-0.04786735,0,0
2,0.8955,-10,-10,0.028335094451904297,1.5638071298599243,0.08947161,0.14095664,-0.05148503,0,0
2,0.8955,-10,-10,0.028335094451904297,1.5638071298599243,0.1342828,0.051404275,0.08287852,0,0
2,0.8955,-10,-10,0.028335094451904297,1.5638071298599243,0.065683715,0.07930814,-0.013624422,0,0
2,0.8955,-10,-10,0.028335094451904297,1.5638071298599243,0.09226745,0.010174608,0.082092844,0,0
2,0.8955,-10,-10,0.028335094451904297,1.5638071298599243,-10.0,0.18938829,-10.189388,0,0
2,0.8955,-10,-10,0.028335094451904297,1.5638071298599243,0.13460727,0.09622697,0.038380302,0,0
2,0.8955,-10,-10,0.028335094451904297,1.5638071298599243,0.15717673,-0.27372637,0.4309031,0,0
2,0.8955,-10,-10,0.028335094451904297,1.5638071298599243,0.08488206,0.0853585,-0.00047644228,0,0
2,0.8955,-10,-10,0.028335094451904297,1.5638071298599243,0.15983328,0.15855038,0.0012829006,0,0
2,0.8955,-10,-10,0.028335094451904297,1.5638071298599243,0.05965237,0.074288264,-0.014635894,0,0
2,0.8955,-10,-10,0.028335094451904297,1.5638071298599243,0.071950205,0.13638274,-0.06443254,0,0
2,0.8955,-10,-10,0.028335094451904297,1.5638071298599243,0.06862253,0.07660154,-0.007979013,0,0
2,0.8955,-10,-10,0.028335094451904297,1.5638071298599243,0.15529104,0.10261825,0.05267279,0,0
2,0.8955,-10,-10,0.028335094451904297,1.5638071298599243,0.1386715,0.162171,-0.023499504,0,0
2,0.8955,-10,-10,0.028335094451904297,1.5638071298599243,0.036871627,-0.027228346,0.064099975,0,0
2,0.8955,-10,-10,0.028335094451904297,1.5638071298599243,0.13408534,0.016704893,0.11738045,0,0
2,0.8955,-10,-10,0.028335094451904297,1.5638071298599243,0.15819365,0.15856692,-0.0003732741,0,0
2,0.8955,-10,-10,0.028335094451904297,1.5638071298599243,0.103617094,0.16757978,-0.06396269,0,0
2,0.8955,-10,-10,0.028335094451904297,1.5638071298599243,0.13389257,0.107908756,0.02598381,0,0
2,0.8955,-10,-10,0.028335094451904297,1.5638071298599243,0.095683865,0.094743565,0.0009403005,0,0
2,0.8955,-10,-10,0.028335094451904297,1.5638071298599243,0.068298,0.122229226,-0.05393123,0,0
2,0.8955,-10,-10,0.028335094451904297,1.5638071298599243,0.052554727,0.06932247,-0.01676774,0,0
2,0.8955,-10,-10,0.028335094451904297,1.5638071298599243,0.025094,0.0497682,-0.024674198,0,0
2,0.8955,-10,-10,0.028335094451904297,1.5638071298599243,0.09440263,0.15078466,-0.056382023,0,0
2,0.8955,-10,-10,0.028335094451904297,1.5638071298599243,0.108085655,0.099306114,0.008779541,0,0
2,0.8955,-10,-10,0.028335094451904297,1.5638071298599243,0.15852834,0.15547898,0.0030493587,0,0
2,0.8955,-10,-10,0.028335094451904297,1.5638071298599243,0.09552697,0.14682479,-0.05129782,0,0
2,0.8955,-10,-10,0.028335094451904297,1.5638071298599243,0.09490679,0.14588803,-0.05098124,0,0
2,0.8955,-10,-10,0.028335094451904297,1.5638071298599243,0.13448817,-0.0191378,0.15362597,0,0
2,0.8955,-10,-10,0.028335094451904297,1.5638071298599243,0.13573432,-0.0012910832,0.1370254,0,0
2,0.8955,-10,-10,0.028335094451904297,1.5638071298599243,0.09432502,0.0024840515,0.09184097,0,0
2,0.8955,-10,-10,0.028335094451904297,1.5638071298599243,0.036633864,0.062110785,-0.025476921,0,0
2,0.8955,-10,-10,0.028335094451904297,1.5638071298599243,0.13468368,0.003262082,0.1314216,0,0
2,0.8955,-10,-10,0.028335094451904297,1.5638071298599243,0.14694448,-0.2697774,0.41672188,0,0
2,0.8955,-10,-10,0.028335094451904297,1.5638071298599243,0.13396026,0.19124162,-0.05728136,0,0
2,0.8955,-10,-10,0.028335094451904297,1.5638071298599243,0.10665612,0.17309766,-0.066441536,0,0
2,0.8955,-10,-10,0.028335094451904297,1.5638071298599243,0.07785919,0.07412114,0.0037380531,0,0
2,0.8955,-10,-10,0.028335094451904297,1.5638071298599243,0.063460685,0.05258187,0.010878816,0,0
2,0.8955,-10,-10,0.028335094451904297,1.5638071298599243,0.089675546,0.08850862,0.0011669248,0,0
2,0.8955,-10,-10,0.028335094451904297,1.5638071298599243,0.09175264,0.089859314,0.0018933266,0,0
2,0.8955,-10,-10,0.028335094451904297,1.5638071298599243,0.07396957,0.13564914,-0.061679572,0,0
2,0.8955,-10,-10,0.028335094451904297,1.5638071298599243,0.056315552,0.07134731,-0.015031759,0,0
2,0.8955,-10,-10,0.028335094451904297,1.5638071298599243,0.088340886,0.1351702,-0.04682932,0,0
2,0.8955,-10,-10,0.028335094451904297,1.5638071298599243,0.084381014,0.12949215,-0.045111135,0,0
2,0.8955,-10,-10,0.028335094451904297,1.5638071298599243,0.15908563,0.10258744,0.056498192,0,0
2,0.8955,-10,-10,0.028335094451904297,1.5638071298599243,0.15280883,0.10279002,0.05001881,0,0
2,0.8955,-10,-10,0.028335094451904297,1.5638071298599243,0.15967685,0.10325657,0.05642028,0,0
2,0.8955,-10,-10,0.028335094451904297,1.5638071298599243,0.1365248,0.10699431,0.029530488,0,0
2,0.8955,-10,-10,0.028335094451904297,1.5638071298599243,0.09291687,0.0064697694,0.0864471,0,0
2,0.8955,-10,-10,0.028335094451904297,1.5638071298599243,0.10144708,0.04391948,0.0575276,0,0
2,0.8955,-10,-10,0.028335094451904297,1.5638071298599243,0.1333178,0.19584359,-0.062525794,0,0
2,0.8955,-10,-10,0.028335094451904297,1.5638071298599243,0.15488666,0.07121328,0.08367338,0,0
2,0.8955,-10,-10,0.028335094451904297,1.5638071298599243,0.149137,-0.27132556,0.42046255,0,0
2,0.8955,-10,-10,0.028335094451904297,1.5638071298599243,0.06706085,0.07553511,-0.008474261,0,0
2,0.8955,-10,-10,0.028335094451904297,1.5638071298599243,0.15834522,-0.2775044,0.43584964,0,0
2,0.8955,-10,-10,0.028335094451904297,1.5638071298599243,0.15364553,0.10252037,0.05112516,0,0
2,0.8955,-10,-10,0.028335094451904297,1.5638071298599243,0.1590398,-0.2780578,0.4370976,0,0
2,0.8955,-10,-10,0.028335094451904297,1.5638071298599243,0.04124167,0.06057611,-0.019334443,0,0
2,0.8955,-10,-10,0.028335094451904297,1.5638071298599243,0.035714857,-0.022689363,0.058404222,0,0
2,0.8955,-10,-10,0.028335094451904297,1.5638071298599243,0.15891765,-0.27603573,0.4349534,0,0
2,0.8955,-10,-10,0.028335094451904297,1.5638071298599243,0.10173973,0.05571173,0.046027996,0,0
2,0.8955,-10,-10,0.028335094451904297,1.5638071298599243,0.15555793,0.07048392,0.08507401,0,0
2,0.8955,-10,-10,0.028335094451904297,1.5638071298599243,0.13651043,-0.005363608,0.14187405,0,0
2,0.8955,-10,-10,0.028335094451904297,1.5638071298599243,0.105217196,0.17037034,-0.065153144,0,0
2,0.8955,-10,-10,0.028335094451904297,1.5638071298599243,0.15770051,0.109040044,0.048660465,0,0
2,0.8955,-10,-10,0.028335094451904297,1.5638071298599243,0.047448874,-0.006222477,0.053671353,0,0
2,0.8955,-10,-10,0.028335094451904297,1.5638071298599243,0.07586645,0.124251805,-0.048385352,0,0
2,0.8955,-10,-10,0.028335094451904297,1.5638071298599243,0.07979991,0.1267644,-0.04696449,0,0
2,0.8955,-10,-10,0.028335094451904297,1.5638071298599243,0.14245927,-0.26579532,0.4082546,0,0
2,0.8955,-10,-10,0.028335094451904297,1.5638071298599243,0.08695749,0.08717495,-0.0002174601,0,0
2,0.8955,-10,-10,0.028335094451904297,1.5638071298599243,0.1575353,-0.27695101,0.43448633,0,0
2,0.8955,-10,-10,0.028335094451904297,1.5638071298599243,0.08191048,0.080385774,0.0015247092,0,0
2,0.8955,-10,-10,0.028335094451904297,1.5638071298599243,0.066339195,0.05807329,0.008265905,0,0
2,0.8955,-10,-10,0.028335094451904297,1.5638071298599243,0.15919963,0.1598067,-0.0006070733,0,0
2,0.8955,-10,-10,0.028335094451904297,1.5638071298599243,0.15737547,-0.27322558,0.43060106,0,0
2,0.8955,-10,-10,0.028335094451904297,1.5638071298599243,0.037589975,0.06258254,-0.024992563,0,0
2,0.8955,-10,-10,0.028335094451904297,1.5638071298599243,0.089017056,0.13626064,-0.047243588,0,0
2,0.8955,-10,-10,0.028335094451904297,1.5638071298599243,0.14104547,0.14431372,-0.0032682568,0,0
3,0.8910224999999999,-10,-10,0.0253908634185791,0.5755418539047241,3.2489433,3.3942766,-0.14533329,3,6
3,0.8910224999999999,-10,-10,0.0253908634185791,0.5755418539047241,2.593932,2.8636758,-0.26974392,3,6
3,0.8910224999999999,-10,-10,0.0253908634185791,0.5755418539047241,4.561658,4.443759,0.11789894,3,6
3,0.8910224999999999,-10,-10,0.0253908634185791,0.5755418539047241,4.738368,4.0554338,0.6829343,3,6
3,0.8910224999999999,-10,-10,0.0253908634185791,0.5755418539047241,3.0815442,3.0274978,0.054046392,3,6
3,0.8910224999999999,-10,-10,0.0253908634185791,0.5755418539047241,2.4408681,2.0622594,0.3786087,3,6
3,0.8910224999999999,-10,-10,0.0253908634185791,0.5755418539047241,3.2203481,3.2899048,-0.06955671,3,6
3,0.8910224999999999,-10,-10,0.0253908634185791,0.5755418539047241,3.4678075,3.6102707,-0.1424632,3,6
3,0.8910224999999999,-10,-10,0.0253908634185791,0.5755418539047241,2.816212,2.527013,0.28919888,3,6
3,0.8910224999999999,-10,-10,0.0253908634185791,0.5755418539047241,1.8340461,1.6935244,0.14052176,3,6
3,0.8910224999999999,-10,-10,0.0253908634185791,0.5755418539047241,2.3724024,2.3431633,0.029239178,3,6
3,0.8910224999999999,-10,-10,0.0253908634185791,0.5755418539047241,2.9737546,2.953206,0.020548582,3,6
3,0.8910224999999999,-10,-10,0.0253908634185791,0.5755418539047241,2.5662484,2.5737877,-0.0075392723,3,6
3,0.8910224999999999,-10,-10,0.0253908634185791,0.5755418539047241,1.5864488,1.5557231,0.030725718,3,6
3,0.8910224999999999,-10,-10,0.0253908634185791,0.5755418539047241,2.7061489,2.786737,-0.0805881,3,6
3,0.8910224999999999,-10,-10,0.0253908634185791,0.5755418539047241,2.5075123,2.6701708,-0.16265845,3,6
3,0.8910224999999999,-10,-10,0.0253908634185791,0.5755418539047241,2.2071054,2.4420147,-0.2349093,3,6
3,0.8910224999999999,-10,-10,0.0253908634185791,0.5755418539047241,2.6651204,2.7221007,-0.05698037,3,6
3,0.8910224999999999,-10,-10,0.0253908634185791,0.5755418539047241,3.0259879,2.8742847,0.15170312,3,6
3,0.8910224999999999,-10,-10,0.0253908634185791,0.5755418539047241,2.6462991,2.6441336,0.002165556,3,6
3,0.8910224999999999,-10,-10,0.0253908634185791,0.5755418539047241,2.3263676,2.2993429,0.027024746,3,6
3,0.8910224999999999,-10,-10,0.0253908634185791,0.5755418539047241,2.5954251,2.5642695,0.031155586,3,6
3,0.8910224999999999,-10,-10,0.0253908634185791,0.5755418539047241,2.200663,2.1618648,0.038798332,3,6
3,0.8910224999999999,-10,-10,0.0253908634185791,0.5755418539047241,3.018491,3.063202,-0.044710875,3,6
3,0.8910224999999999,-10,-10,0.0253908634185791,0.5755418539047241,2.7046154,2.5134075,0.19120789,3,6
3,0.8910224999999999,-10,-10,0.0253908634185791,0.5755418539047241,2.614623,2.5741816,0.040441513,3,6
3,0.8910224999999999,-10,-10,0.0253908634185791,0.5755418539047241,2.0527809,2.0086727,0.044108152,3,6
3,0.8910224999999999,-10,-10,0.0253908634185791,0.5755418539047241,2.4433782,1.9854289,0.45794928,3,6
3,0.8910224999999999,-10,-10,0.0253908634185791,0.5755418539047241,2.4864957,2.5175745,-0.031078815,3,6
3,0.8910224999999999,-10,-10,0.0253908634185791,0.5755418539047241,1.3276498,1.2824862,0.04516363,3,6
3,0.8910224999999999,-10,-10,0.0253908634185791,0.5755418539047241,2.4178936,2.1724882,0.24540544,3,6
3,0.8910224999999999,-10,-10,0.0253908634185791,0.5755418539047241,2.674942,2.5863976,0.08854437,3,6
3,0.8910224999999999,-10,-10,0.0253908634185791,0.5755418539047241,3.0713458,3.0346074,0.036738396,3,6
3,0.8910224999999999,-10,-10,0.0253908634185791,0.5755418539047241,2.8711162,2.8831978,-0.012081623,3,6
3,0.8910224999999999,-10,-10,0.0253908634185791,0.5755418539047241,3.2421443,3.3292403,-0.087095976,3,6
3,0.8910224999999999,-10,-10,0.0253908634185791,0.5755418539047241,3.0445783,3.145339,-0.1007607,3,6
3,0.8910224999999999,-10,-10,0.0253908634185791,0.5755418539047241,3.624368,3.3578353,0.26653266,3,6
3,0.8910224999999999,-10,-10,0.0253908634185791,0.5755418539047241,3.3962452,3.0978763,0.29836893,3,6
3,0.8910224999999999,-10,-10,0.0253908634185791,0.5755418539047241,2.1456633,1.9397532,0.20591009,3,6
3,0.8910224999999999,-10,-10,0.0253908634185791,0.5755418539047241,2.758425,2.9348516,-0.17642665,3,6
3,0.8910224999999999,-10,-10,0.0253908634185791,0.5755418539047241,2.91108,2.895865,0.01521492,3,6
3,0.8910224999999999,-10,-10,0.0253908634185791,0.5755418539047241,2.5777366,2.527492,0.05024457,3,6
3,0.8910224999999999,-10,-10,0.0253908634185791,0.5755418539047241,2.3502274,2.3811622,-0.03093481,3,6
3,0.8910224999999999,-10,-10,0.0253908634185791,0.5755418539047241,2.251834,2.2947233,-0.042889357,3,6
3,0.8910224999999999,-10,-10,0.0253908634185791,0.5755418539047241,2.8967595,3.04627,-0.14951038,3,6
3,0.8910224999999999,-10,-10,0.0253908634185791,0.5755418539047241,1.3999187,1.09615,0.30376863,3,6
3,0.8910224999999999,-10,-10,0.0253908634185791,0.5755418539047241,3.019886,2.9802961,0.039589882,3,6
3,0.8910224999999999,-10,-10,0.0253908634185791,0.5755418539047241,2.1883948,1.1787741,1.0096207,3,6
3,0.8910224999999999,-10,-10,0.0253908634185791,0.5755418539047241,3.499855,3.2720833,0.22777176,3,6
3,0.8910224999999999,-10,-10,0.0253908634185791,0.5755418539047241,2.6311016,2.66221,-0.03110838,3,6
3,0.8910224999999999,-10,-10,0.0253908634185791,0.5755418539047241,2.249862,2.3142257,-0.06436372,3,6
3,0.8910224999999999,-10,-10,0.0253908634185791,0.5755418539047241,2.735093,2.7881613,-0.05306816,3,6
3,0.8910224999999999,-10,-10,0.0253908634185791,0.5755418539047241,2.8917313,2.6582875,0.23344374,3,6
3,0.8910224999999999,-10,-10,0.0253908634185791,0.5755418539047241,2.3161302,2.3310146,-0.014884472,3,6
3,0.8910224999999999,-10,-10,0.0253908634185791,0.5755418539047241,3.6894436,3.797582,-0.10813832,3,6
3,0.8910224999999999,-10,-10,0.0253908634185791,0.5755418539047241,2.4272053,2.403862,0.023343325,3,6
3,0.8910224999999999,-10,-10,0.0253908634185791,0.5755418539047241,2.4130383,1.9246632,0.48837507,3,6
3,0.8910224999999999,-10,-10,0.0253908634185791,0.5755418539047241,3.0101047,3.2069721,-0.19686747,3,6
3,0.8910224999999999,-10,-10,0.0253908634185791,0.5755418539047241,1.4698601,1.4307867,0.039073348,3,6
3,0.8910224999999999,-10,-10,0.0253908634185791,0.5755418539047241,2.35213,1.919,0.4331299,3,6
3,0.8910224999999999,-10,-10,0.0253908634185791,0.5755418539047241,2.505863,2.3317983,0.17406464,3,6
3,0.8910224999999999,-10,-10,0.0253908634185791,0.5755418539047241,2.9648833,3.1123755,-0.14749217,3,6
3,0.8910224999999999,-10,-10,0.0253908634185791,0.5755418539047241,2.62925,2.7164989,-0.0872488,3,6
3,0.8910224999999999,-10,-10,0.0253908634185791,0.5755418539047241,2.870561,2.5824962,0.28806472,3,6
3,0.8910224999999999,-10,-10,0.0253908634185791,0.5755418539047241,3.4190042,3.6292353,-0.21023107,3,6
3,0.8910224999999999,-10,-10,0.0253908634185791,0.5755418539047241,3.1470342,3.1236925,0.023341656,3,6
3,0.8910224999999999,-10,-10,0.0253908634185791,0.5755418539047241,3.9496489,3.5840745,0.36557436,3,6
3,0.8910224999999999,-10,-10,0.0253908634185791,0.5755418539047241,2.5198627,2.3329515,0.1869111,3,6
3,0.8910224999999999,-10,-10,0.0253908634185791,0.5755418539047241,3.299447,3.5140488,-0.21460176,3,6
3,0.8910224999999999,-10,-10,0.0253908634185791,0.5755418539047241,2.6228125,2.6473675,-0.024554968,3,6
3,0.8910224999999999,-10,-10,0.0253908634185791,0.5755418539047241,2.5629425,2.6788883,-0.115945816,3,6
3,0.8910224999999999,-10,-10,0.0253908634185791,0.5755418539047241,2.6089847,2.5941482,0.01483655,3,6
3,0.8910224999999999,-10,-10,0.0253908634185791,0.5755418539047241,2.9465837,2.9636717,-0.017087936,3,6
3,0.8910224999999999,-10,-10,0.0253908634185791,0.5755418539047241,0.9456416,1.6254328,-0.6797913,3,6
3,0.8910224999999999,-10,-10,0.0253908634185791,0.5755418539047241,2.4429862,2.509972,-0.066985846,3,6
3,0.8910224999999999,-10,-10,0.0253908634185791,0.5755418539047241,3.2894309,3.2064505,0.082980394,3,6
3,0.8910224999999999,-10,-10,0.0253908634185791,0.5755418539047241,2.8544152,2.5630393,0.29137588,3,6
3,0.8910224999999999,-10,-10,0.0253908634185791,0.5755418539047241,-10.0,-2.1006827,-7.8993173,3,6
3,0.8910224999999999,-10,-10,0.0253908634185791,0.5755418539047241,2.9079292,3.096231,-0.1883018,3,6
3,0.8910224999999999,-10,-10,0.0253908634185791,0.5755418539047241,2.5678844,2.4737632,0.09412122,3,6
3,0.8910224999999999,-10,-10,0.0253908634185791,0.5755418539047241,3.0268626,2.7563043,0.27055836,3,6
3,0.8910224999999999,-10,-10,0.0253908634185791,0.5755418539047241,2.5045466,2.4308534,0.073693275,3,6
3,0.8910224999999999,-10,-10,0.0253908634185791,0.5755418539047241,2.8896065,2.9564562,-0.06684971,3,6
3,0.8910224999999999,-10,-10,0.0253908634185791,0.5755418539047241,2.8850002,3.0215807,-0.13658047,3,6
3,0.8910224999999999,-10,-10,0.0253908634185791,0.5755418539047241,2.5041797,2.538374,-0.03419423,3,6
3,0.8910224999999999,-10,-10,0.0253908634185791,0.5755418539047241,2.9863253,3.1207173,-0.13439202,3,6
3,0.8910224999999999,-10,-10,0.0253908634185791,0.5755418539047241,2.7156823,2.6081338,0.107548475,3,6
3,0.8910224999999999,-10,-10,0.0253908634185791,0.5755418539047241,2.6693752,2.5737123,0.09566283,3,6
3,0.8910224999999999,-10,-10,0.0253908634185791,0.5755418539047241,2.6392288,2.6573148,-0.018085957,3,6
3,0.8910224999999999,-10,-10,0.0253908634185791,0.5755418539047241,1.5635111,1.5131264,0.05038476,3,6
3,0.8910224999999999,-10,-10,0.0253908634185791,0.5755418539047241,0.49411085,0.41928893,0.07482192,3,6
3,0.8910224999999999,-10,-10,0.0253908634185791,0.5755418539047241,3.0787783,3.2476814,-0.16890311,3,6
3,0.8910224999999999,-10,-10,0.0253908634185791,0.5755418539047241,2.5428107,2.5802913,-0.037480593,3,6
3,0.8910224999999999,-10,-10,0.0253908634185791,0.5755418539047241,2.8601167,2.8738322,-0.013715506,3,6
3,0.8910224999999999,-10,-10,0.0253908634185791,0.5755418539047241,2.497096,2.5709286,-0.07383251,3,6
3,0.8910224999999999,-10,-10,0.0253908634185791,0.5755418539047241,2.848126,2.8734736,-0.02534771,3,6
3,0.8910224999999999,-10,-10,0.0253908634185791,0.5755418539047241,2.3996067,2.444847,-0.045240402,3,6
3,0.8910224999999999,-10,-10,0.0253908634185791,0.5755418539047241,2.9256837,2.912262,0.013421774,3,6
3,0.8910224999999999,-10,-10,0.0253908634185791,0.5755418539047241,2.7725556,2.8274126,-0.054857016,3,6
3,0.8910224999999999,-10,-10,0.0253908634185791,0.5755418539047241,3.2368925,1.9373022,1.2995902,3,6
3,0.8910224999999999,-10,-10,0.0253908634185791,0.5755418539047241,3.0671725,3.1068435,-0.039670944,3,6
3,0.8910224999999999,-10,-10,0.0253908634185791,0.5755418539047241,3.4834816,3.036283,0.44719863,3,6
3,0.8910224999999999,-10,-10,0.0253908634185791,0.5755418539047241,3.3402047,3.3899627,-0.049757957,3,6
3,0.8910224999999999,-10,-10,0.0253908634185791,0.5755418539047241,2.0047405,1.2055607,0.7991798,3,6
3,0.8910224999999999,-10,-10,0.0253908634185791,0.5755418539047241,3.1146104,3.077304,0.037306547,3,6
3,0.8910224999999999,-10,-10,0.0253908634185791,0.5755418539047241,2.293904,2.3456473,-0.05174327,3,6
3,0.8910224999999999,-10,-10,0.0253908634185791,0.5755418539047241,2.8664854,2.9583454,-0.091860056,3,6
3,0.8910224999999999,-10,-10,0.0253908634185791,0.5755418539047241,2.460497,2.479256,-0.018759012,3,6
3,0.8910224999999999,-10,-10,0.0253908634185791,0.5755418539047241,4.367125,3.9332838,0.43384123,3,6
3,0.8910224999999999,-10,-10,0.0253908634185791,0.5755418539047241,3.2928948,3.491928,-0.19903326,3,6
3,0.8910224999999999,-10,-10,0.0253908634185791,0.5755418539047241,3.565771,3.2765167,0.28925443,3,6
3,0.8910224999999999,-10,-10,0.0253908634185791,0.5755418539047241,3.0219786,3.0974998,-0.07552123,3,6
3,0.8910224999999999,-10,-10,0.0253908634185791,0.5755418539047241,2.850902,2.9445581,-0.09365606,3,6
3,0.8910224999999999,-10,-10,0.0253908634185791,0.5755418539047241,2.9329813,3.052214,-0.119232655,3,6
3,0.8910224999999999,-10,-10,0.0253908634185791,0.5755418539047241,3.0670593,3.1546512,-0.08759189,3,6
3,0.8910224999999999,-10,-10,0.0253908634185791,0.5755418539047241,2.832115,2.9260633,-0.093948364,3,6
3,0.8910224999999999,-10,-10,0.0253908634185791,0.5755418539047241,3.1622717,3.250711,-0.088439226,3,6
3,0.8910224999999999,-10,-10,0.0253908634185791,0.5755418539047241,3.079597,2.996053,0.083544016,3,6
3,0.8910224999999999,-10,-10,0.0253908634185791,0.5755418539047241,3.0523405,3.1423914,-0.090050936,3,6
3,0.8910224999999999,-10,-10,0.0253908634185791,0.5755418539047241,3.0440426,3.130467,-0.08642435,3,6
3,0.8910224999999999,-10,-10,0.0253908634185791,0.5755418539047241,3.7331371,3.426359,0.3067782,3,6
3,0.8910224999999999,-10,-10,0.0253908634185791,0.5755418539047241,2.471989,2.4964738,-0.024484873,3,6
3,0.8910224999999999,-10,-10,0.0253908634185791,0.5755418539047241,2.825073,3.0057912,-0.18071818,3,6
3,0.8910224999999999,-10,-10,0.0253908634185791,0.5755418539047241,2.1644425,2.2145486,-0.05010605,3,6
3,0.8910224999999999,-10,-10,0.0253908634185791,0.5755418539047241,1.488519,-0.41088992,1.8994088,3,6
3,0.8910224999999999,-10,-10,0.0253908634185791,0.5755418539047241,1.9184569,1.7998837,0.11857319,3,6
3,0.8910224999999999,-10,-10,0.0253908634185791,0.5755418539047241,2.840455,2.550941,0.28951406,3,6
3,0.8910224999999999,-10,-10,0.0253908634185791,0.5755418539047241,2.5617251,2.6770458,-0.11532068,3,6
4,0.8865673875,-10,-10,0.02642202377319336,0.962348222732544,3.7852747,3.8346996,-0.049424887,3,6
4,0.8865673875,-10,-10,0.02642202377319336,0.962348222732544,5.088797,5.171191,-0.08239412,3,6
4,0.8865673875,-10,-10,0.02642202377319336,0.962348222732544,3.4427724,3.3816419,0.061130524,3,6
4,0.8865673875,-10,-10,0.02642202377319336,0.962348222732544,2.496392,2.300319,0.19607306,3,6
4,0.8865673875,-10,-10,0.02642202377319336,0.962348222732544,4.1726074,4.1459303,0.026677132,3,6
4,0.8865673875,-10,-10,0.02642202377319336,0.962348222732544,4.7833276,4.86485,-0.081522465,3,6
4,0.8865673875,-10,-10,0.02642202377319336,0.962348222732544,4.0822015,4.10692,-0.024718285,3,6
4,0.8865673875,-10,-10,0.02642202377319336,0.962348222732544,4.0547047,3.9760678,0.078636885,3,6
4,0.8865673875,-10,-10,0.02642202377319336,0.962348222732544,2.3977406,2.5095136,-0.111773014,3,6
4,0.8865673875,-10,-10,0.02642202377319336,0.962348222732544,3.5959868,3.5065308,0.08945608,3,6
4,0.8865673875,-10,-10,0.02642202377319336,0.962348222732544,3.8352118,3.7295039,0.105707884,3,6
4,0.8865673875,-10,-10,0.02642202377319336,0.962348222732544,2.5388439,2.7842405,-0.24539661,3,6
4,0.8865673875,-10,-10,0.02642202377319336,0.962348222732544,2.497446,2.3695667,0.12787938,3,6
4,0.8865673875,-10,-10,0.02642202377319336,0.962348222732544,2.8841047,2.8357573,0.048347473,3,6
4,0.8865673875,-10,-10,0.02642202377319336,0.962348222732544,3.0208373,3.1769388,-0.15610147,3,6
4,0.8865673875,-10,-10,0.02642202377319336,0.962348222732544,2.935665,2.8898807,0.045784235,3,6
4,0.8865673875,-10,-10,0.02642202377319336,0.962348222732544,3.228042,2.737317,0.4907248,3,6
4,0.8865673875,-10,-10,0.02642202377319336,0.962348222732544,0.002938536,0.15575838,-0.15281984,3,6
4,0.8865673875,-10,-10,0.02642202377319336,0.962348222732544,3.1717355,3.0655413,0.10619426,3,6
4,0.8865673875,-10,-10,0.02642202377319336,0.962348222732544,2.4696276,2.4080524,0.061575174,3,6
4,0.8865673875,-10,-10,0.02642202377319336,0.962348222732544,3.2653153,3.1552336,0.11008167,3,6
4,0.8865673875,-10,-10,0.02642202377319336,0.962348222732544,3.0076356,3.159221,-0.15158534,3,6
4,0.8865673875,-10,-10,0.02642202377319336,0.962348222732544,3.332479,3.3858273,-0.053348303,3,6
4,0.8865673875,-10,-10,0.02642202377319336,0.962348222732544,5.418075,5.5147667,-0.09669161,3,6
4,0.8865673875,-10,-10,0.02642202377319336,0.962348222732544,3.464639,3.400667,0.063972,3,6
4,0.8865673875,-10,-10,0.02642202377319336,0.962348222732544,3.1971288,3.1009362,0.0961926,3,6
4,0.8865673875,-10,-10,0.02642202377319336,0.962348222732544,3.4586427,3.4753091,-0.016666412,3,6
4,0.8865673875,-10,-10,0.02642202377319336,0.962348222732544,2.5498219,2.6327968,-0.08297491,3,6
4,0.8865673875,-10,-10,0.02642202377319336,0.962348222732544,3.343415,3.2798064,0.06360865,3,6
4,0.8865673875,-10,-10,0.02642202377319336,0.962348222732544,4.152709,4.1690063,-0.01629734,3,6
4,0.8865673875,-10,-10,0.02642202377319336,0.962348222732544,3.1949282,3.0939715,0.10095668,3,6
4,0.8865673875,-10,-10,0.02642202377319336,0.962348222732544,2.83814,2.7995121,0.038627863,3,6
4,0.8865673875,-10,-10,0.02642202377319336,0.962348222732544,3.8669474,3.8252923,0.041655064,3,6
4,0.8865673875,-10,-10,0.02642202377319336,0.962348222732544,4.610084,4.5452657,0.06481838,3,6
4,0.8865673875,-10,-10,0.02642202377319336,0.962348222732544,3.8069148,4.0241103,-0.21719551,3,6
4,0.8865673875,-10,-10,0.02642202377319336,0.962348222732544,2.8219855,2.6549416,0.16704392,3,6
4,0.8865673875,-10,-10,0.02642202377319336,0.962348222732544,3.5439703,3.5162923,0.027678013,3,6
4,0.8865673875,-10,-10,0.02642202377319336,0.962348222732544,-0.31584686,-2.5248406,2.2089937,3,6
4,0.8865673875,-10,-10,0.02642202377319336,0.962348222732544,3.3320022,3.3121154,0.019886732,3,6
4,0.8865673875,-10,-10,0.02642202377319336,0.962348222732544,4.3023534,4.147798,0.15455532,3,6
4,0.8865673875,-10,-10,0.02642202377319336,0.962348222732544,3.6728365,3.570842,0.101994514,3,6
4,0.8865673875,-10,-10,0.02642202377319336,0.962348222732544,3.2030067,3.1290412,0.07396555,3,6
4,0.8865673875,-10,-10,0.02642202377319336,0.962348222732544,3.409098,3.381931,0.027166843,3,6
4,0.8865673875,-10,-10,0.02642202377319336,0.962348222732544,4.323517,4.2026505,0.1208663,3,6
4,0.8865673875,-10,-10,0.02642202377319336,0.962348222732544,3.6035132,3.4946194,0.10889387,3,6
4,0.8865673875,-10,-10,0.02642202377319336,0.962348222732544,2.9503646,2.8006105,0.14975405,3,6
4,0.8865673875,-10,-10,0.02642202377319336,0.962348222732544,4.676976,4.6136785,0.06329775,3,6
4,0.8865673875,-10,-10,0.02642202377319336,0.962348222732544,5.1649375,5.1972384,-0.03230095,3,6
4,0.8865673875,-10,-10,0.02642202377319336,0.962348222732544,3.3735602,3.4770968,-0.103536606,3,6
4,0.8865673875,-10,-10,0.02642202377319336,0.962348222732544,3.5656257,3.5271173,0.038508415,3,6
4,0.8865673875,-10,-10,0.02642202377319336,0.962348222732544,4.9882293,4.763972,0.22425747,3,6
4,0.8865673875,-10,-10,0.02642202377319336,0.962348222732544,3.2942135,3.240572,0.053641558,3,6
4,0.8865673875,-10,-10,0.02642202377319336,0.962348222732544,4.72278,4.4823437,0.24043655,3,6
4,0.8865673875,-10,-10,0.02642202377319336,0.962348222732544,3.740004,3.7670114,-0.027007341,3,6
4,0.8865673875,-10,-10,0.02642202377319336,0.962348222732544,3.9736288,4.039079,-0.06545043,3,6
4,0.8865673875,-10,-10,0.02642202377319336,0.962348222732544,3.62227,3.5771868,0.045083284,3,6
4,0.8865673875,-10,-10,0.02642202377319336,0.962348222732544,4.279609,4.153752,0.12585735,3,6
4,0.8865673875,-10,-10,0.02642202377319336,0.962348222732544,3.4555244,3.1684663,0.28705812,3,6
4,0.8865673875,-10,-10,0.02642202377319336,0.962348222732544,0.7549358,0.8680471,-0.11311132,3,6
4,0.8865673875,-10,-10,0.02642202377319336,0.962348222732544,1.8351074,1.5080818,0.32702565,3,6
4,0.8865673875,-10,-10,0.02642202377319336,0.962348222732544,4.047639,3.949629,0.098009825,3,6
4,0.8865673875,-10,-10,0.02642202377319336,0.962348222732544,2.4863918,2.7239645,-0.23757267,3,6
4,0.8865673875,-10,-10,0.02642202377319336,0.962348222732544,3.1864583,2.9468353,0.23962307,3,6
4,0.8865673875,-10,-10,0.02642202377319336,0.962348222732544,3.468885,3.3359847,0.13290024,3,6
4,0.8865673875,-10,-10,0.02642202377319336,0.962348222732544,4.2656827,4.053305,0.21237755,3,6
4,0.8865673875,-10,-10,0.02642202377319336,0.962348222732544,3.551491,3.6280286,-0.07653761,3,6
4,0.8865673875,-10,-10,0.02642202377319336,0.962348222732544,3.9275753,4.119595,-0.1920197,3,6
4,0.8865673875,-10,-10,0.02642202377319336,0.962348222732544,2.9536402,2.8034532,0.15018702,3,6
4,0.8865673875,-10,-10,0.02642202377319336,0.962348222732544,2.906785,2.8273427,0.07944226,3,6
4,0.8865673875,-10,-10,0.02642202377319336,0.962348222732544,3.2427146,3.223433,0.019281626,3,6
4,0.8865673875,-10,-10,0.02642202377319336,0.962348222732544,-10.0,-3.6264186,-6.3735814,3,6
4,0.8865673875,-10,-10,0.02642202377319336,0.962348222732544,2.6565125,2.4754012,0.18111134,3,6
4,0.8865673875,-10,-10,0.02642202377319336,0.962348222732544,2.5899062,2.3468976,0.24300861,3,6
4,0.8865673875,-10,-10,0.02642202377319336,0.962348222732544,-0.48058316,-2.7359517,2.2553685,3,6
4,0.8865673875,-10,-10,0.02642202377319336,0.962348222732544,2.4118068,2.551936,-0.14012909,3,6
4,0.8865673875,-10,-10,0.02642202377319336,0.962348222732544,2.8833675,2.84721,0.036157608,3,6
4,0.8865673875,-10,-10,0.02642202377319336,0.962348222732544,4.924461,4.9320865,-0.00762558,3,6
4,0.8865673875,-10,-10,0.02642202377319336,0.962348222732544,3.8034914,3.6838024,0.11968899,3,6
4,0.8865673875,-10,-10,0.02642202377319336,0.962348222732544,3.0259993,3.0369494,-0.0109500885,3,6
4,0.8865673875,-10,-10,0.02642202377319336,0.962348222732544,3.6325955,3.725073,-0.09247756,3,6
4,0.8865673875,-10,-10,0.02642202377319336,0.962348222732544,3.137833,3.0493686,0.0884645,3,6
4,0.8865673875,-10,-10,0.02642202377319336,0.962348222732544,3.8754377,3.8038652,0.07157254,3,6
4,0.8865673875,-10,-10,0.02642202377319336,0.962348222732544,-0.43415445,-2.6973338,2.2631793,3,6
4,0.8865673875,-10,-10,0.02642202377319336,0.962348222732544,2.5403662,2.396459,0.14390707,3,6
4,0.8865673875,-10,-10,0.02642202377319336,0.962348222732544,2.8826303,3.050443,-0.16781259,3,6
4,0.8865673875,-10,-10,0.02642202377319336,0.962348222732544,2.860072,2.6227582,0.23731375,3,6
4,0.8865673875,-10,-10,0.02642202377319336,0.962348222732544,-0.19047527,-2.4050488,2.2145736,3,6
4,0.8865673875,-10,-10,0.02642202377319336,0.962348222732544,-10.0,-2.3776,-7.6224003,3,6
4,0.8865673875,-10,-10,0.02642202377319336,0.962348222732544,1.9654548,2.0917249,-0.12627006,3,6
4,0.8865673875,-10,-10,0.02642202377319336,0.962348222732544,0.92818034,0.0071559623,0.9210244,3,6
4,0.8865673875,-10,-10,0.02642202377319336,0.962348222732544,3.1143425,2.896448,0.21789455,3,6
4,0.8865673875,-10,-10,0.02642202377319336,0.962348222732544,3.2676344,3.3490465,-0.08141208,3,6
4,0.8865673875,-10,-10,0.02642202377319336,0.962348222732544,4.718454,4.5994225,0.11903143,3,6
4,0.8865673875,-10,-10,0.02642202377319336,0.962348222732544,2.8094063,2.798566,0.010840178,3,6
4,0.8865673875,-10,-10,0.02642202377319336,0.962348222732544,4.3867564,3.686182,0.7005744,3,6
4,0.8865673875,-10,-10,0.02642202377319336,0.962348222732544,3.2074552,3.1813564,0.026098728,3,6
4,0.8865673875,-10,-10,0.02642202377319336,0.962348222732544,1.3559355,1.4408123,-0.084876895,3,6
4,0.8865673875,-10,-10,0.02642202377319336,0.962348222732544,2.7020164,2.8120441,-0.11002779,3,6
4,0.8865673875,-10,-10,0.02642202377319336,0.962348222732544,2.780775,2.5000274,0.28074765,3,6
4,0.8865673875,-10,-10,0.02642202377319336,0.962348222732544,3.0446928,3.109446,-0.064753294,3,6
4,0.8865673875,-10,-10,0.02642202377319336,0.962348222732544,3.407423,3.4372041,-0.029781103,3,6
4,0.8865673875,-10,-10,0.02642202377319336,0.962348222732544,2.7847083,2.653469,0.13123918,3,6
4,0.8865673875,-10,-10,0.02642202377319336,0.962348222732544,2.759597,2.7114627,0.048134327,3,6
4,0.8865673875,-10,-10,0.02642202377319336,0.962348222732544,1.6798493,1.2144924,0.46535683,3,6
4,0.8865673875,-10,-10,0.02642202377319336,0.962348222732544,3.235785,3.2037952,0.031989813,3,6
4,0.8865673875,-10,-10,0.02642202377319336,0.962348222732544,3.1257296,3.0024085,0.12332106,3,6
4,0.8865673875,-10,-10,0.02642202377319336,0.962348222732544,4.4506636,4.2994256,0.15123796,3,6
4,0.8865673875,-10,-10,0.02642202377319336,0.962348222732544,4.418832,4.676528,-0.25769615,3,6
4,0.8865673875,-10,-10,0.02642202377319336,0.962348222732544,-0.356983,-0.29586005,-0.061122954,3,6
4,0.8865673875,-10,-10,0.02642202377319336,0.962348222732544,4.1117687,3.9204907,0.19127798,3,6
4,0.8865673875,-10,-10,0.02642202377319336,0.962348222732544,3.3071368,3.2658556,0.041281223,3,6
4,0.8865673875,-10,-10,0.02642202377319336,0.962348222732544,1.1677793,0.7564876,0.41129172,3,6
4,0.8865673875,-10,-10,0.02642202377319336,0.962348222732544,3.6239202,3.6721518,-0.0482316,3,6
4,0.8865673875,-10,-10,0.02642202377319336,0.962348222732544,3.5515501,4.171491,-0.619941,3,6
4,0.8865673875,-10,-10,0.02642202377319336,0.962348222732544,3.3913841,3.4219227,-0.030538559,3,6
4,0.8865673875,-10,-10,0.02642202377319336,0.962348222732544,4.894281,4.801732,0.09254885,3,6
4,0.8865673875,-10,-10,0.02642202377319336,0.962348222732544,3.6870365,3.645656,0.041380405,3,6
4,0.8865673875,-10,-10,0.02642202377319336,0.962348222732544,2.6649022,2.3995001,0.26540208,3,6
4,0.8865673875,-10,-10,0.02642202377319336,0.962348222732544,4.4506392,4.716805,-0.26616573,3,6
4,0.8865673875,-10,-10,0.02642202377319336,0.962348222732544,1.0264949,1.1357825,-0.10928762,3,6
4,0.8865673875,-10,-10,0.02642202377319336,0.962348222732544,3.8514512,3.7775824,0.07386875,3,6
4,0.8865673875,-10,-10,0.02642202377319336,0.962348222732544,2.038499,2.1775959,-0.13909674,3,6
4,0.8865673875,-10,-10,0.02642202377319336,0.962348222732544,4.4075522,4.3245234,0.08302879,3,6
4,0.8865673875,-10,-10,0.02642202377319336,0.962348222732544,-0.26596004,-0.12701035,-0.13894969,3,6
4,0.8865673875,-10,-10,0.02642202377319336,0.962348222732544,3.5522134,3.4839723,0.06824112,3,6
4,0.8865673875,-10,-10,0.02642202377319336,0.962348222732544,4.715459,4.7306705,-0.015211582,3,6
4,0.8865673875,-10,-10,0.02642202377319336,0.962348222732544,3.4840333,3.4390733,0.044960022,3,6
4,0.8865673875,-10,-10,0.02642202377319336,0.962348222732544,4.550741,4.1352677,0.41547346,3,6
5,0.8821345505625,-10,-10,0.027353763580322266,0.4056975245475769,3.1166663,3.2212794,-0.104613066,3,6
5,0.8821345505625,-10,-10,0.027353763580322266,0.4056975245475769,2.0711894,2.1124272,-0.04123783,3,6
5,0.8821345505625,-10,-10,0.027353763580322266,0.4056975245475769,-2.8473008,-3.1013005,0.2539997,3,6
5,0.8821345505625,-10,-10,0.027353763580322266,0.4056975245475769,2.8427887,2.8404343,0.0023543835,3,6
5,0.8821345505625,-10,-10,0.027353763580322266,0.4056975245475769,0.50776154,0.38547102,0.12229052,3,6
5,0.8821345505625,-10,-10,0.027353763580322266,0.4056975245475769,3.3542318,3.2472107,0.10702109,3,6
5,0.8821345505625,-10,-10,0.027353763580322266,0.4056975245475769,3.9487708,3.9557295,-0.006958723,3,6
5,0.8821345505625,-10,-10,0.027353763580322266,0.4056975245475769,4.110671,4.0217757,0.08889532,3,6
5,0.8821345505625,-10,-10,0.027353763580322266,0.4056975245475769,2.9272065,3.0209982,-0.09379172,3,6
5,0.8821345505625,-10,-10,0.027353763580322266,0.4056975245475769,2.2816966,1.8467633,0.4349333,3,6
5,0.8821345505625,-10,-10,0.027353763580322266,0.4056975245475769,3.3754,3.2518933,0.123506784,3,6
5,0.8821345505625,-10,-10,0.027353763580322266,0.4056975245475769,3.8322003,3.656156,0.17604423,3,6
5,0.8821345505625,-10,-10,0.027353763580322266,0.4056975245475769,3.1687734,3.0479198,0.12085366,3,6
5,0.8821345505625,-10,-10,0.027353763580322266,0.4056975245475769,5.4129004,5.17847,0.23443031,3,6
5,0.8821345505625,-10,-10,0.027353763580322266,0.4056975245475769,4.2511964,4.039949,0.21124744,3,6
5,0.8821345505625,-10,-10,0.027353763580322266,0.4056975245475769,3.0801647,3.0750182,0.0051465034,3,6
5,0.8821345505625,-10,-10,0.027353763580322266,0.4056975245475769,3.0969424,2.9882255,0.108716965,3,6
5,0.8821345505625,-10,-10,0.027353763580322266,0.4056975245475769,1.2778143,2.2539597,-0.9761454,3,6
5,0.8821345505625,-10,-10,0.027353763580322266,0.4056975245475769,2.8466961,2.9336007,-0.086904526,3,6
5,0.8821345505625,-10,-10,0.027353763580322266,0.4056975245475769,0.49246964,0.60649925,-0.114029616,3,6
5,0.8821345505625,-10,-10,0.027353763580322266,0.4056975245475769,2.8379552,2.7573504,0.08060479,3,6
5,0.8821345505625,-10,-10,0.027353763580322266,0.4056975245475769,3.817882,3.8326237,-0.014741659,3,6
5,0.8821345505625,-10,-10,0.027353763580322266,0.4056975245475769,5.4994674,5.428153,0.071314335,3,6
5,0.8821345505625,-10,-10,0.027353763580322266,0.4056975245475769,5.137408,5.2987466,-0.1613388,3,6
5,0.8821345505625,-10,-10,0.027353763580322266,0.4056975245475769,4.905148,4.791514,0.11363411,3,6
5,0.8821345505625,-10,-10,0.027353763580322266,0.4056975245475769,4.56701,3.9574196,0.6095903,3,6
5,0.8821345505625,-10,-10,0.027353763580322266,0.4056975245475769,2.2552092,2.039046,0.21616316,3,6
5,0.8821345505625,-10,-10,0.027353763580322266,0.4056975245475769,4.456603,4.2317815,0.22482157,3,6
5,0.8821345505625,-10,-10,0.027353763580322266,0.4056975245475769,4.3510756,4.469215,-0.11813927,3,6
5,0.8821345505625,-10,-10,0.027353763580322266,0.4056975245475769,-3.030708,-2.9374607,-0.09324741,3,6
5,0.8821345505625,-10,-10,0.027353763580322266,0.4056975245475769,3.4074626,3.3002942,0.107168436,3,6
5,0.8821345505625,-10,-10,0.027353763580322266,0.4056975245475769,3.8760395,3.769839,0.10620046,3,6
5,0.8821345505625,-10,-10,0.027353763580322266,0.4056975245475769,2.8877516,2.6413698,0.24638176,3,6
5,0.8821345505625,-10,-10,0.027353763580322266,0.4056975245475769,4.227305,3.958527,0.26877785,3,6
5,0.8821345505625,-10,-10,0.027353763580322266,0.4056975245475769,4.4181347,2.71819,1.6999447,3,6
5,0.8821345505625,-10,-10,0.027353763580322266,0.4056975245475769,4.328444,4.2964993,0.03194475,3,6
5,0.8821345505625,-10,-10,0.027353763580322266,0.4056975245475769,4.571608,4.3816123,0.18999577,3,6
5,0.8821345505625,-10,-10,0.027353763580322266,0.4056975245475769,3.452842,3.530115,-0.07727289,3,6
5,0.8821345505625,-10,-10,0.027353763580322266,0.4056975245475769,4.8262253,4.9042025,-0.07797718,3,6
5,0.8821345505625,-10,-10,0.027353763580322266,0.4056975245475769,5.977872,5.8011775,0.1766944,3,6
5,0.8821345505625,-10,-10,0.027353763580322266,0.4056975245475769,2.1744847,2.177258,-0.002773285,3,6
5,0.8821345505625,-10,-10,0.027353763580322266,0.4056975245475769,-10.0,-3.5052083,-6.494792,3,6
5,0.8821345505625,-10,-10,0.027353763580322266,0.4056975245475769,4.2958794,4.1538463,0.1420331,3,6
5,0.8821345505625,-10,-10,0.027353763580322266,0.4056975245475769,3.040798,3.298024,-0.257226,3,6
5,0.8821345505625,-10,-10,0.027353763580322266,0.4056975245475769,4.9845724,5.142239,-0.15766668,3,6
5,0.8821345505625,-10,-10,0.027353763580322266,0.4056975245475769,2.2612708,2.1123135,0.14895725,3,6
5,0.8821345505625,-10,-10,0.027353763580322266,0.4056975245475769,3.5625103,3.6156304,-0.053120136,3,6
5,0.8821345505625,-10,-10,0.027353763580322266,0.4056975245475769,4.148131,4.155486,-0.007355213,3,6
5,0.8821345505625,-10,-10,0.027353763580322266,0.4056975245475769,5.670137,5.560747,0.10938978,3,6
5,0.8821345505625,-10,-10,0.027353763580322266,0.4056975245475769,3.4359412,3.263537,0.17240429,3,6
5,0.8821345505625,-10,-10,0.027353763580322266,0.4056975245475769,2.9042647,2.9988549,-0.09459019,3,6
5,0.8821345505625,-10,-10,0.027353763580322266,0.4056975245475769,3.996515,4.078525,-0.08201003,3,6
5,0.8821345505625,-10,-10,0.027353763580322266,0.4056975245475769,5.0324965,4.763398,0.26909828,3,6
5,0.8821345505625,-10,-10,0.027353763580322266,0.4056975245475769,3.7066095,3.6320603,0.0745492,3,6
5,0.8821345505625,-10,-10,0.027353763580322266,0.4056975245475769,2.237266,2.2679656,-0.030699492,3,6
5,0.8821345505625,-10,-10,0.027353763580322266,0.4056975245475769,6.316547,6.1267724,0.18977451,3,6
5,0.8821345505625,-10,-10,0.027353763580322266,0.4056975245475769,2.1450498,2.2041802,-0.05913043,3,6
5,0.8821345505625,-10,-10,0.027353763580322266,0.4056975245475769,2.2837498,2.3139644,-0.030214548,3,6
5,0.8821345505625,-10,-10,0.027353763580322266,0.4056975245475769,4.622796,4.39394,0.22885609,3,6
5,0.8821345505625,-10,-10,0.027353763580322266,0.4056975245475769,-0.32495674,-0.48777238,0.16281563,3,6
5,0.8821345505625,-10,-10,0.027353763580322266,0.4056975245475769,1.8254637,1.828603,-0.0031393766,3,6
5,0.8821345505625,-10,-10,0.027353763580322266,0.4056975245475769,-0.37212035,-0.32823914,-0.043881208,3,6
5,0.8821345505625,-10,-10,0.027353763580322266,0.4056975245475769,1.9837433,1.5964813,0.387262,3,6
5,0.8821345505625,-10,-10,0.027353763580322266,0.4056975245475769,1.7925143,1.7480832,0.04443109,3,6
5,0.8821345505625,-10,-10,0.027353763580322266,0.4056975245475769,3.4337022,3.3289192,0.10478306,3,6
5,0.8821345505625,-10,-10,0.027353763580322266,0.4056975245475769,-2.57142,-1.1015413,-1.4698787,3,6
5,0.8821345505625,-10,-10,0.027353763580322266,0.4056975245475769,2.8159263,3.018242,-0.20231557,3,6
5,0.8821345505625,-10,-10,0.027353763580322266,0.4056975245475769,2.7479491,2.787278,-0.039328814,3,6
5,0.8821345505625,-10,-10,0.027353763580322266,0.4056975245475769,3.4016633,3.2275317,0.17413163,3,6
5,0.8821345505625,-10,-10,0.027353763580322266,0.4056975245475769,3.8913767,3.8248026,0.0665741,3,6
5,0.8821345505625,-10,-10,0.027353763580322266,0.4056975245475769,-0.0995446,0.15235253,-0.25189713,3,6
5,0.8821345505625,-10,-10,0.027353763580322266,0.4056975245475769,5.537299,5.467576,0.06972313,3,6
5,0.8821345505625,-10,-10,0.027353763580322266,0.4056975245475769,-1.198788,-1.498236,0.2994479,3,6
5,0.8821345505625,-10,-10,0.027353763580322266,0.4056975245475769,3.3347564,3.3356888,-0.00093245506,3,6
5,0.8821345505625,-10,-10,0.027353763580322266,0.4056975245475769,3.4530444,3.5080485,-0.05500412,3,6
5,0.8821345505625,-10,-10,0.027353763580322266,0.4056975245475769,4.413563,4.6838994,-0.27033663,3,6
5,0.8821345505625,-10,-10,0.027353763580322266,0.4056975245475769,0.21407346,-0.4515799,0.66565335,3,6
5,0.8821345505625,-10,-10,0.027353763580322266,0.4056975245475769,4.9911613,5.0833297,-0.09216833,3,6
5,0.8821345505625,-10,-10,0.027353763580322266,0.4056975245475769,-3.06094,-3.374046,0.31310606,3,6
5,0.8821345505625,-10,-10,0.027353763580322266,0.4056975245475769,3.5346568,3.4589417,0.075715065,3,6
5,0.8821345505625,-10,-10,0.027353763580322266,0.4056975245475769,3.7594721,3.4704478,0.28902435,3,6
5,0.8821345505625,-10,-10,0.027353763580322266,0.4056975245475769,3.8373237,3.8510175,-0.0136938095,3,6
5,0.8821345505625,-10,-10,0.027353763580322266,0.4056975245475769,2.5805132,2.541589,0.038924217,3,6
5,0.8821345505625,-10,-10,0.027353763580322266,0.4056975245475769,2.4280517,2.3081713,0.11988044,3,6
5,0.8821345505625,-10,-10,0.027353763580322266,0.4056975245475769,6.0244203,5.9548535,0.06956673,3,6
5,0.8821345505625,-10,-10,0.027353763580322266,0.4056975245475769,4.1859508,4.0133896,0.17256117,3,6
5,0.8821345505625,-10,-10,0.027353763580322266,0.4056975245475769,2.6770175,2.747391,-0.070373535,3,6
5,0.8821345505625,-10,-10,0.027353763580322266,0.4056975245475769,5.76482,5.688983,0.075837135,3,6
5,0.8821345505625,-10,-10,0.027353763580322266,0.4056975245475769,5.575964,5.343255,0.23270893,3,6
5,0.8821345505625,-10,-10,0.027353763580322266,0.4056975245475769,2.7749805,2.8710449,-0.09606433,3,6
5,0.8821345505625,-10,-10,0.027353763580322266,0.4056975245475769,3.9285433,3.7082121,0.22033119,3,6
5,0.8821345505625,-10,-10,0.027353763580322266,0.4056975245475769,5.2244043,4.9743857,0.2500186,3,6
5,0.8821345505625,-10,-10,0.027353763580322266,0.4056975245475769,6.0470915,6.106784,-0.059692383,3,6
5,0.8821345505625,-10,-10,0.027353763580322266,0.4056975245475769,2.657061,2.716037,-0.058975935,3,6
5,0.8821345505625,-10,-10,0.027353763580322266,0.4056975245475769,3.558705,3.4241722,0.13453293,3,6
5,0.8821345505625,-10,-10,0.027353763580322266,0.4056975245475769,3.5133147,3.4086304,0.10468435,3,6
5,0.8821345505625,-10,-10,0.027353763580322266,0.4056975245475769,4.034899,3.9161882,0.118710995,3,6
5,0.8821345505625,-10,-10,0.027353763580322266,0.4056975245475769,5.245759,5.2952247,-0.049465656,3,6
5,0.8821345505625,-10,-10,0.027353763580322266,0.4056975245475769,4.090966,4.110349,-0.019382954,3,6
5,0.8821345505625,-10,-10,0.027353763580322266,0.4056975245475769,1.0109051,1.2907214,-0.27981627,3,6
5,0.8821345505625,-10,-10,0.027353763580322266,0.4056975245475769,0.49246964,0.54456145,-0.052091807,3,6
5,0.8821345505625,-10,-10,0.027353763580322266,0.4056975245475769,3.409974,3.3163652,0.093608856,3,6
5,0.8821345505625,-10,-10,0.027353763580322266,0.4056975245475769,3.0247204,2.9316003,0.0931201,3,6
5,0.8821345505625,-10,-10,0.027353763580322266,0.4056975245475769,4.416465,4.332591,0.08387375,3,6
5,0.8821345505625,-10,-10,0.027353763580322266,0.4056975245475769,3.428396,3.322241,0.10615492,3,6
5,0.8821345505625,-10,-10,0.027353763580322266,0.4056975245475769,3.1999907,3.0978665,0.102124214,3,6
5,0.8821345505625,-10,-10,0.027353763580322266,0.4056975245475769,2.9907882,3.0560248,-0.06523657,3,6
5,0.8821345505625,-10,-10,0.027353763580322266,0.4056975245475769,0.26171634,0.51289046,-0.25117412,3,6
5,0.8821345505625,-10,-10,0.027353763580322266,0.4056975245475769,1.2238239,1.4687529,-0.24492896,3,6
5,0.8821345505625,-10,-10,0.027353763580322266,0.4056975245475769,5.895305,5.8230505,0.07225466,3,6
5,0.8821345505625,-10,-10,0.027353763580322266,0.4056975245475769,3.0305064,2.8974974,0.13300896,3,6
5,0.8821345505625,-10,-10,0.027353763580322266,0.4056975245475769,2.5627525,2.4524055,0.11034703,3,6
5,0.8821345505625,-10,-10,0.027353763580322266,0.4056975245475769,3.4044816,3.4617474,-0.05726576,3,6
5,0.8821345505625,-10,-10,0.027353763580322266,0.4056975245475769,6.0620823,5.831636,0.23044634,3,6
5,0.8821345505625,-10,-10,0.027353763580322266,0.4056975245475769,3.9129689,3.824663,0.08830595,3,6
5,0.8821345505625,-10,-10,0.027353763580322266,0.4056975245475769,-1.0905259,-1.0672084,-0.023317456,3,6
5,0.8821345505625,-10,-10,0.027353763580322266,0.4056975245475769,0.89274275,1.0993208,-0.20657802,3,6
5,0.8821345505625,-10,-10,0.027353763580322266,0.4056975245475769,2.9457788,2.831579,0.11419988,3,6
5,0.8821345505625,-10,-10,0.027353763580322266,0.4056975245475769,3.9797018,3.6813793,0.29832244,3,6
5,0.8821345505625,-10,-10,0.027353763580322266,0.4056975245475769,3.7580814,3.5871122,0.17096925,3,6
5,0.8821345505625,-10,-10,0.027353763580322266,0.4056975245475769,3.0958774,2.9855435,0.11033392,3,6
5,0.8821345505625,-10,-10,0.027353763580322266,0.4056975245475769,3.6605916,3.5377169,0.12287474,3,6
5,0.8821345505625,-10,-10,0.027353763580322266,0.4056975245475769,2.6141934,2.7035778,-0.08938432,3,6
5,0.8821345505625,-10,-10,0.027353763580322266,0.4056975245475769,2.8638606,2.9007971,-0.03693652,3,6
5,0.8821345505625,-10,-10,0.027353763580322266,0.4056975245475769,0.10910153,-0.1290774,0.23817894,3,6
5,0.8821345505625,-10,-10,0.027353763580322266,0.4056975245475769,4.454396,4.302894,0.15150166,3,6
5,0.8821345505625,-10,-10,0.027353763580322266,0.4056975245475769,1.1297332,1.0121981,0.117535114,3,6
5,0.8821345505625,-10,-10,0.027353763580322266,0.4056975245475769,-2.8473008,-2.753029,-0.09427166,3,6
6,0.8777238778096875,-10,-10,0.02863454818725586,0.3893624544143677,5.216042,5.386428,-0.17038584,3,6
6,0.8777238778096875,-10,-10,0.02863454818725586,0.3893624544143677,5.296157,5.4708786,-0.17472172,3,6
6,0.8777238778096875,-10,-10,0.02863454818725586,0.3893624544143677,2.7205129,2.6390257,0.08148718,3,6
6,0.8777238778096875,-10,-10,0.02863454818725586,0.3893624544143677,3.5063457,3.57708,-0.07073426,3,6
6,0.8777238778096875,-10,-10,0.02863454818725586,0.3893624544143677,4.557034,4.5306277,0.026406288,3,6
6,0.8777238778096875,-10,-10,0.02863454818725586,0.3893624544143677,2.2081797,2.2504597,-0.04227996,3,6
6,0.8777238778096875,-10,-10,0.02863454818725586,0.3893624544143677,4.608943,4.735412,-0.12646914,3,6
6,0.8777238778096875,-10,-10,0.02863454818725586,0.3893624544143677,3.2156022,3.2973871,-0.08178496,3,6
6,0.8777238778096875,-10,-10,0.02863454818725586,0.3893624544143677,3.1139438,3.3260403,-0.21209645,3,6
6,0.8777238778096875,-10,-10,0.02863454818725586,0.3893624544143677,-4.8361163,-5.0669513,0.23083496,3,6
6,0.8777238778096875,-10,-10,0.02863454818725586,0.3893624544143677,3.516887,3.531587,-0.014699936,3,6
6,0.8777238778096875,-10,-10,0.02863454818725586,0.3893624544143677,4.9987016,5.1753025,-0.17660093,3,6
6,0.8777238778096875,-10,-10,0.02863454818725586,0.3893624544143677,1.9807919,2.1225493,-0.14175737,3,6
6,0.8777238778096875,-10,-10,0.02863454818725586,0.3893624544143677,6.775818,6.852752,-0.07693434,3,6
6,0.8777238778096875,-10,-10,0.02863454818725586,0.3893624544143677,3.7242825,3.7691398,-0.044857264,3,6
6,0.8777238778096875,-10,-10,0.02863454818725586,0.3893624544143677,0.42133427,-0.38263363,0.8039679,3,6
6,0.8777238778096875,-10,-10,0.02863454818725586,0.3893624544143677,1.9702139,1.8589344,0.11127949,3,6
6,0.8777238778096875,-10,-10,0.02863454818725586,0.3893624544143677,3.2520459,3.3488271,-0.096781254,3,6
6,0.8777238778096875,-10,-10,0.02863454818725586,0.3893624544143677,1.0728663,1.1825569,-0.10969055,3,6
6,0.8777238778096875,-10,-10,0.02863454818725586,0.3893624544143677,3.9559503,4.1747684,-0.21881819,3,6
6,0.8777238778096875,-10,-10,0.02863454818725586,0.3893624544143677,4.3351245,4.3585854,-0.023460865,3,6
6,0.8777238778096875,-10,-10,0.02863454818725586,0.3893624544143677,6.1178265,6.226921,-0.10909462,3,6
6,0.8777238778096875,-10,-10,0.02863454818725586,0.3893624544143677,5.343324,5.4989114,-0.1555872,3,6
6,0.8777238778096875,-10,-10,0.02863454818725586,0.3893624544143677,-0.40800342,-0.34686273,-0.061140686,3,6
6,0.8777238778096875,-10,-10,0.02863454818725586,0.3893624544143677,4.427058,4.587397,-0.16033888,3,6
6,0.8777238778096875,-10,-10,0.02863454818725586,0.3893624544143677,-4.408203,-4.5633407,0.15513754,3,6
6,0.8777238778096875,-10,-10,0.02863454818725586,0.3893624544143677,2.617585,2.545603,0.07198191,3,6
6,0.8777238778096875,-10,-10,0.02863454818725586,0.3893624544143677,-0.29554573,1.5761094,-1.8716551,3,6
6,0.8777238778096875,-10,-10,0.02863454818725586,0.3893624544143677,2.9354143,2.809969,0.12544537,3,6
6,0.8777238778096875,-10,-10,0.02863454818725586,0.3893624544143677,2.0457342,2.181692,-0.13595772,3,6
6,0.8777238778096875,-10,-10,0.02863454818725586,0.3893624544143677,2.2688572,2.2879298,-0.019072533,3,6
6,0.8777238778096875,-10,-10,0.02863454818725586,0.3893624544143677,4.7547107,5.1011534,-0.3464427,3,6
6,0.8777238778096875,-10,-10,0.02863454818725586,0.3893624544143677,3.7881486,3.9980283,-0.20987964,3,6
6,0.8777238778096875,-10,-10,0.02863454818725586,0.3893624544143677,5.363041,6.149782,-0.78674126,3,6
6,0.8777238778096875,-10,-10,0.02863454818725586,0.3893624544143677,3.8421462,4.047758,-0.20561194,3,6
6,0.8777238778096875,-10,-10,0.02863454818725586,0.3893624544143677,2.4257083,2.5972426,-0.1715343,3,6
6,0.8777238778096875,-10,-10,0.02863454818725586,0.3893624544143677,2.0396223,1.6298243,0.40979803,3,6
6,0.8777238778096875,-10,-10,0.02863454818725586,0.3893624544143677,2.0085235,2.0137053,-0.0051817894,3,6
6,0.8777238778096875,-10,-10,0.02863454818725586,0.3893624544143677,5.08436,5.2635126,-0.17915249,3,6
6,0.8777238778096875,-10,-10,0.02863454818725586,0.3893624544143677,3.9345028,4.0621257,-0.12762284,3,6
6,0.8777238778096875,-10,-10,0.02863454818725586,0.3893624544143677,-4.800608,-4.994307,0.19369888,3,6
6,0.8777238778096875,-10,-10,0.02863454818725586,0.3893624544143677,4.151678,4.3234243,-0.17174625,3,6
6,0.8777238778096875,-10,-10,0.02863454818725586,0.3893624544143677,3.7943907,4.0033817,-0.20899105,3,6
6,0.8777238778096875,-10,-10,0.02863454818725586,0.3893624544143677,4.0351644,4.2177825,-0.18261814,3,6
6,0.8777238778096875,-10,-10,0.02863454818725586,0.3893624544143677,2.1040862,2.3725522,-0.268466,3,6
6,0.8777238778096875,-10,-10,0.02863454818725586,0.3893624544143677,0.820155,0.73560095,0.084554076,3,6
6,0.8777238778096875,-10,-10,0.02863454818725586,0.3893624544143677,-2.3159199,-2.6041548,0.28823495,3,6
6,0.8777238778096875,-10,-10,0.02863454818725586,0.3893624544143677,-0.062592946,0.16715135,-0.22974429,3,6
6,0.8777238778096875,-10,-10,0.02863454818725586,0.3893624544143677,4.4646087,4.589272,-0.12466335,3,6
6,0.8777238778096875,-10,-10,0.02863454818725586,0.3893624544143677,-10.0,-4.450755,-5.549245,3,6
6,0.8777238778096875,-10,-10,0.02863454818725586,0.3893624544143677,3.0552523,3.0367587,0.018493652,3,6
6,0.8777238778096875,-10,-10,0.02863454818725586,0.3893624544143677,3.8070514,4.011721,-0.20466971,3,6
6,0.8777238778096875,-10,-10,0.02863454818725586,0.3893624544143677,-4.6972933,-5.6739936,0.9767003,3,6
6,0.8777238778096875,-10,-10,0.02863454818725586,0.3893624544143677,2.3933055,2.4436636,-0.050358057,3,6
6,0.8777238778096875,-10,-10,0.02863454818725586,0.3893624544143677,-0.95522726,-2.014475,1.0592479,3,6
6,0.8777238778096875,-10,-10,0.02863454818725586,0.3893624544143677,6.9614778,7.0475774,-0.086099625,3,6
6,0.8777238778096875,-10,-10,0.02863454818725586,0.3893624544143677,1.7615942,1.8703705,-0.10877633,3,6
6,0.8777238778096875,-10,-10,0.02863454818725586,0.3893624544143677,4.2138505,4.193102,0.020748615,3,6
6,0.8777238778096875,-10,-10,0.02863454818725586,0.3893624544143677,3.9876473,4.9712744,-0.9836271,3,6
6,0.8777238778096875,-10,-10,0.02863454818725586,0.3893624544143677,5.6742764,5.821252,-0.14697552,3,6
6,0.8777238778096875,-10,-10,0.02863454818725586,0.3893624544143677,-0.7759729,-0.5575296,-0.21844327,3,6
6,0.8777238778096875,-10,-10,0.02863454818725586,0.3893624544143677,3.609771,3.7300713,-0.12030029,3,6
6,0.8777238778096875,-10,-10,0.02863454818725586,0.3893624544143677,5.7556562,6.453767,-0.6981106,3,6
6,0.8777238778096875,-10,-10,0.02863454818725586,0.3893624544143677,-2.5684462,-3.4369526,0.86850643,3,6
6,0.8777238778096875,-10,-10,0.02863454818725586,0.3893624544143677,0.24456714,2.0738757,-1.8293085,3,6
6,0.8777238778096875,-10,-10,0.02863454818725586,0.3893624544143677,5.3038154,5.4357924,-0.13197708,3,6
6,0.8777238778096875,-10,-10,0.02863454818725586,0.3893624544143677,0.40507466,0.30124992,0.103824735,3,6
6,0.8777238778096875,-10,-10,0.02863454818725586,0.3893624544143677,3.414176,3.5458026,-0.1316266,3,6
6,0.8777238778096875,-10,-10,0.02863454818725586,0.3893624544143677,3.2887418,3.3905575,-0.1018157,3,6
6,0.8777238778096875,-10,-10,0.02863454818725586,0.3893624544143677,-3.9953763,-4.1275773,0.13220096,3,6
6,0.8777238778096875,-10,-10,0.02863454818725586,0.3893624544143677,3.103449,3.1697822,-0.066333055,3,6
6,0.8777238778096875,-10,-10,0.02863454818725586,0.3893624544143677,6.394527,6.4814262,-0.08689928,3,6
6,0.8777238778096875,-10,-10,0.02863454818725586,0.3893624544143677,6.2364936,6.459731,-0.22323751,3,6
6,0.8777238778096875,-10,-10,0.02863454818725586,0.3893624544143677,3.9002786,4.02224,-0.12196159,3,6
6,0.8777238778096875,-10,-10,0.02863454818725586,0.3893624544143677,2.158555,2.3120089,-0.15345383,3,6
6,0.8777238778096875,-10,-10,0.02863454818725586,0.3893624544143677,3.8663635,4.0629606,-0.1965971,3,6
6,0.8777238778096875,-10,-10,0.02863454818725586,0.3893624544143677,2.5855317,2.6256807,-0.040148973,3,6
6,0.8777238778096875,-10,-10,0.02863454818725586,0.3893624544143677,3.6136427,3.7414484,-0.12780571,3,6
6,0.8777238778096875,-10,-10,0.02863454818725586,0.3893624544143677,-1.4624778,-1.713381,0.25090325,3,6
6,0.8777238778096875,-10,-10,0.02863454818725586,0.3893624544143677,-3.0850153,-2.9460533,-0.13896203,3,6
6,0.8777238778096875,-10,-10,0.02863454818725586,0.3893624544143677,2.6538384,2.9534733,-0.29963493,3,6
6,0.8777238778096875,-10,-10,0.02863454818725586,0.3893624544143677,5.9877977,6.483762,-0.49596405,3,6
6,0.8777238778096875,-10,-10,0.02863454818725586,0.3893624544143677,-0.8158024,-0.6085624,-0.20723999,3,6
6,0.8777238778096875,-10,-10,0.02863454818725586,0.3893624544143677,2.0254164,2.1460316,-0.120615244,3,6
6,0.8777238778096875,-10,-10,0.02863454818725586,0.3893624544143677,-1.8210012,-2.0871139,0.2661127,3,6
6,0.8777238778096875,-10,-10,0.02863454818725586,0.3893624544143677,3.0591087,3.1138468,-0.054738045,3,6
6,0.8777238778096875,-10,-10,0.02863454818725586,0.3893624544143677,5.9812813,6.090901,-0.10961962,3,6
6,0.8777238778096875,-10,-10,0.02863454818725586,0.3893624544143677,2.1403418,2.2809033,-0.14056158,3,6
6,0.8777238778096875,-10,-10,0.02863454818725586,0.3893624544143677,-1.4581828,-2.6274662,1.1692834,3,6
6,0.8777238778096875,-10,-10,0.02863454818725586,0.3893624544143677,3.0720315,3.1953528,-0.123321295,3,6
6,0.8777238778096875,-10,-10,0.02863454818725586,0.3893624544143677,2.003817,1.8722961,0.13152099,3,6
6,0.8777238778096875,-10,-10,0.02863454818725586,0.3893624544143677,5.2013736,5.2057023,-0.0043287277,3,6
6,0.8777238778096875,-10,-10,0.02863454818725586,0.3893624544143677,3.4319415,3.516074,-0.08413243,3,6
6,0.8777238778096875,-10,-10,0.02863454818725586,0.3893624544143677,3.0087564,3.1444461,-0.13568974,3,6
6,0.8777238778096875,-10,-10,0.02863454818725586,0.3893624544143677,2.8099678,2.8686543,-0.058686495,3,6
6,0.8777238778096875,-10,-10,0.02863454818725586,0.3893624544143677,2.9173255,2.8281224,0.08920312,3,6
6,0.8777238778096875,-10,-10,0.02863454818725586,0.3893624544143677,-4.4277654,-4.8421025,0.41433716,3,6
6,0.8777238778096875,-10,-10,0.02863454818725586,0.3893624544143677,3.7288945,3.8586385,-0.12974405,3,6
6,0.8777238778096875,-10,-10,0.02863454818725586,0.3893624544143677,-0.6804895,-0.45084387,-0.22964561,3,6
6,0.8777238778096875,-10,-10,0.02863454818725586,0.3893624544143677,3.850706,3.944639,-0.09393287,3,6
6,0.8777238778096875,-10,-10,0.02863454818725586,0.3893624544143677,-0.7827153,-1.728822,0.9461067,3,6
6,0.8777238778096875,-10,-10,0.02863454818725586,0.3893624544143677,1.4712753,1.481521,-0.010245681,3,6
6,0.8777238778096875,-10,-10,0.02863454818725586,0.3893624544143677,4.308821,4.976048,-0.6672268,3,6
6,0.8777238778096875,-10,-10,0.02863454818725586,0.3893624544143677,3.2066169,3.037295,0.16932178,3,6
6,0.8777238778096875,-10,-10,0.02863454818725586,0.3893624544143677,3.0384119,3.1789684,-0.14055657,3,6
6,0.8777238778096875,-10,-10,0.02863454818725586,0.3893624544143677,3.2208152,3.061696,0.15911913,3,6
6,0.8777238778096875,-10,-10,0.02863454818725586,0.3893624544143677,4.9987016,5.1753025,-0.17660093,3,6
6,0.8777238778096875,-10,-10,0.02863454818725586,0.3893624544143677,6.1403227,6.211351,-0.07102823,3,6
6,0.8777238778096875,-10,-10,0.02863454818725586,0.3893624544143677,3.5670433,3.7855709,-0.21852756,3,6
6,0.8777238778096875,-10,-10,0.02863454818725586,0.3893624544143677,3.082099,3.2078297,-0.12573075,3,6
6,0.8777238778096875,-10,-10,0.02863454818725586,0.3893624544143677,1.98644,1.8643147,0.12212527,3,6
6,0.8777238778096875,-10,-10,0.02863454818725586,0.3893624544143677,6.1617656,6.2576213,-0.09585571,3,6
6,0.8777238778096875,-10,-10,0.02863454818725586,0.3893624544143677,-0.90323216,-1.2710739,0.36784178,3,6
6,0.8777238778096875,-10,-10,0.02863454818725586,0.3893624544143677,6.6770835,6.768011,-0.0909276,3,6
6,0.8777238778096875,-10,-10,0.02863454818725586,0.3893624544143677,1.9533263,1.8171166,0.13620973,3,6
6,0.8777238778096875,-10,-10,0.02863454818725586,0.3893624544143677,6.2187934,6.3375535,-0.11876011,3,6
6,0.8777238778096875,-10,-10,0.02863454818725586,0.3893624544143677,5.138939,5.2950163,-0.15607738,3,6
6,0.8777238778096875,-10,-10,0.02863454818725586,0.3893624544143677,0.92093736,1.148845,-0.2279076,3,6
6,0.8777238778096875,-10,-10,0.02863454818725586,0.3893624544143677,5.0623155,5.1401377,-0.07782221,3,6
6,0.8777238778096875,-10,-10,0.02863454818725586,0.3893624544143677,2.1524115,2.171104,-0.018692493,3,6
6,0.8777238778096875,-10,-10,0.02863454818725586,0.3893624544143677,5.108598,5.214258,-0.10565996,3,6
6,0.8777238778096875,-10,-10,0.02863454818725586,0.3893624544143677,5.888324,5.9986577,-0.11033392,3,6
6,0.8777238778096875,-10,-10,0.02863454818725586,0.3893624544143677,3.2176147,3.185444,0.032170534,3,6
6,0.8777238778096875,-10,-10,0.02863454818725586,0.3893624544143677,3.826467,4.033617,-0.20714998,3,6
6,0.8777238778096875,-10,-10,0.02863454818725586,0.3893624544143677,3.7518473,3.9593744,-0.20752716,3,6
6,0.8777238778096875,-10,-10,0.02863454818725586,0.3893624544143677,4.650793,5.526618,-0.8758249,3,6
6,0.8777238778096875,-10,-10,0.02863454818725586,0.3893624544143677,3.6227508,3.7381294,-0.11537862,3,6
6,0.8777238778096875,-10,-10,0.02863454818725586,0.3893624544143677,3.4686437,3.6025872,-0.13394356,3,6
7,0.8733352584206391,-10,-10,0.024915218353271484,0.23365670442581177,5.5036154,5.3110547,0.19256067,3,6
7,0.8733352584206391,-10,-10,0.024915218353271484,0.23365670442581177,-5.5470176,-5.7403865,0.19336891,3,6
7,0.8733352584206391,-10,-10,0.024915218353271484,0.23365670442581177,5.46708,5.4375377,0.029542446,3,6
7,0.8733352584206391,-10,-10,0.024915218353271484,0.23365670442581177,4.0745325,4.06769,0.006842613,3,6
7,0.8733352584206391,-10,-10,0.024915218353271484,0.23365670442581177,3.1198046,3.3194232,-0.19961858,3,6
7,0.8733352584206391,-10,-10,0.024915218353271484,0.23365670442581177,7.108055,6.9940634,0.11399174,3,6
7,0.8733352584206391,-10,-10,0.024915218353271484,0.23365670442581177,7.2209144,7.0401454,0.18076897,3,6
7,0.8733352584206391,-10,-10,0.024915218353271484,0.23365670442581177,-1.4499176,-1.6424605,0.19254291,3,6
7,0.8733352584206391,-10,-10,0.024915218353271484,0.23365670442581177,3.0282764,3.2132854,-0.185009,3,6
7,0.8733352584206391,-10,-10,0.024915218353271484,0.23365670442581177,4.9462194,5.0063453,-0.060125828,3,6
7,0.8733352584206391,-10,-10,0.024915218353271484,0.23365670442581177,3.7379858,3.745099,-0.0071132183,3,6
7,0.8733352584206391,-10,-10,0.024915218353271484,0.23365670442581177,-4.133728,-3.8201392,-0.31358886,3,6
7,0.8733352584206391,-10,-10,0.024915218353271484,0.23365670442581177,3.4120142,3.476438,-0.0644238,3,6
7,0.8733352584206391,-10,-10,0.024915218353271484,0.23365670442581177,5.9092345,6.2824955,-0.37326097,3,6
7,0.8733352584206391,-10,-10,0.024915218353271484,0.23365670442581177,4.7698755,4.836822,-0.06694651,3,6
7,0.8733352584206391,-10,-10,0.024915218353271484,0.23365670442581177,-5.953564,-6.2367845,0.2832203,3,6
7,0.8733352584206391,-10,-10,0.024915218353271484,0.23365670442581177,2.569726,2.2386167,0.3311093,3,6
7,0.8733352584206391,-10,-10,0.024915218353271484,0.23365670442581177,1.7615206,1.7233322,0.038188457,3,6
7,0.8733352584206391,-10,-10,0.024915218353271484,0.23365670442581177,4.1971025,4.209125,-0.012022495,3,6
7,0.8733352584206391,-10,-10,0.024915218353271484,0.23365670442581177,2.139019,2.2329416,-0.093922615,3,6
7,0.8733352584206391,-10,-10,0.024915218353271484,0.23365670442581177,7.855664,7.7069163,0.14874744,3,6
7,0.8733352584206391,-10,-10,0.024915218353271484,0.23365670442581177,1.8638636,1.8702346,-0.0063710213,3,6
7,0.8733352584206391,-10,-10,0.024915218353271484,0.23365670442581177,4.5745425,4.6086845,-0.034142017,3,6
7,0.8733352584206391,-10,-10,0.024915218353271484,0.23365670442581177,0.62041366,0.6126409,0.0077727437,3,6
7,0.8733352584206391,-10,-10,0.024915218353271484,0.23365670442581177,6.19871,6.090805,0.10790491,3,6
7,0.8733352584206391,-10,-10,0.024915218353271484,0.23365670442581177,1.2241371,1.1792164,0.044920683,3,6
7,0.8733352584206391,-10,-10,0.024915218353271484,0.23365670442581177,-3.7757366,-3.5847826,-0.19095397,3,6
7,0.8733352584206391,-10,-10,0.024915218353271484,0.23365670442581177,2.3349802,2.541131,-0.20615077,3,6
7,0.8733352584206391,-10,-10,0.024915218353271484,0.23365670442581177,-2.6127446,-2.605287,-0.0074574947,3,6
7,0.8733352584206391,-10,-10,0.024915218353271484,0.23365670442581177,2.0595224,2.1111445,-0.051622152,3,6
7,0.8733352584206391,-10,-10,0.024915218353271484,0.23365670442581177,2.4481204,2.545933,-0.09781265,3,6
7,0.8733352584206391,-10,-10,0.024915218353271484,0.23365670442581177,3.0698192,2.8458788,0.22394037,3,6
7,0.8733352584206391,-10,-10,0.024915218353271484,0.23365670442581177,4.064581,3.5559006,0.50868034,3,6
7,0.8733352584206391,-10,-10,0.024915218353271484,0.23365670442581177,5.6248016,5.610947,0.013854504,3,6
7,0.8733352584206391,-10,-10,0.024915218353271484,0.23365670442581177,1.5895685,1.3270683,0.26250017,3,6
7,0.8733352584206391,-10,-10,0.024915218353271484,0.23365670442581177,-1.8841513,0.8307003,-2.7148516,3,6
7,0.8733352584206391,-10,-10,0.024915218353271484,0.23365670442581177,3.3030005,3.1953473,0.10765314,3,6
7,0.8733352584206391,-10,-10,0.024915218353271484,0.23365670442581177,-3.7781823,-3.6354735,-0.14270878,3,6
7,0.8733352584206391,-10,-10,0.024915218353271484,0.23365670442581177,6.3398952,6.3651648,-0.025269508,3,6
7,0.8733352584206391,-10,-10,0.024915218353271484,0.23365670442581177,1.1412226,1.3717259,-0.23050332,3,6
7,0.8733352584206391,-10,-10,0.024915218353271484,0.23365670442581177,-4.0928903,-3.9679399,-0.12495041,3,6
7,0.8733352584206391,-10,-10,0.024915218353271484,0.23365670442581177,5.7790833,5.481577,0.29750633,3,6
7,0.8733352584206391,-10,-10,0.024915218353271484,0.23365670442581177,4.0412617,4.0916276,-0.050365925,3,6
7,0.8733352584206391,-10,-10,0.024915218353271484,0.23365670442581177,4.78977,4.933834,-0.14406395,3,6
7,0.8733352584206391,-10,-10,0.024915218353271484,0.23365670442581177,5.264304,5.112566,0.15173817,3,6
7,0.8733352584206391,-10,-10,0.024915218353271484,0.23365670442581177,4.716946,4.772795,-0.055849075,3,6
7,0.8733352584206391,-10,-10,0.024915218353271484,0.23365670442581177,3.7452633,3.784956,-0.03969264,3,6
7,0.8733352584206391,-10,-10,0.024915218353271484,0.23365670442581177,-5.1265,-5.0898356,-0.036664486,3,6
7,0.8733352584206391,-10,-10,0.024915218353271484,0.23365670442581177,3.705947,3.7521987,-0.046251774,3,6
7,0.8733352584206391,-10,-10,0.024915218353271484,0.23365670442581177,3.9608579,3.9896336,-0.028775692,3,6
7,0.8733352584206391,-10,-10,0.024915218353271484,0.23365670442581177,5.5545926,5.4169326,0.13766003,3,6
7,0.8733352584206391,-10,-10,0.024915218353271484,0.23365670442581177,-1.3964757,-1.0095739,-0.38690174,3,6
7,0.8733352584206391,-10,-10,0.024915218353271484,0.23365670442581177,1.8236064,1.9841484,-0.16054201,3,6
7,0.8733352584206391,-10,-10,0.024915218353271484,0.23365670442581177,-5.726898,-5.940429,0.21353102,3,6
7,0.8733352584206391,-10,-10,0.024915218353271484,0.23365670442581177,1.1269801,1.2535264,-0.12654638,3,6
7,0.8733352584206391,-10,-10,0.024915218353271484,0.23365670442581177,4.232545,4.2336335,-0.0010886192,3,6
7,0.8733352584206391,-10,-10,0.024915218353271484,0.23365670442581177,6.521811,6.4660907,0.05572033,3,6
7,0.8733352584206391,-10,-10,0.024915218353271484,0.23365670442581177,4.0686007,4.160392,-0.09179115,3,6
7,0.8733352584206391,-10,-10,0.024915218353271484,0.23365670442581177,4.0617595,4.0928497,-0.03109026,3,6
7,0.8733352584206391,-10,-10,0.024915218353271484,0.23365670442581177,4.183068,4.1880736,-0.0050058365,3,6
7,0.8733352584206391,-10,-10,0.024915218353271484,0.23365670442581177,1.4771334,1.4677033,0.009430051,3,6
7,0.8733352584206391,-10,-10,0.024915218353271484,0.23365670442581177,3.9761906,4.0163245,-0.040133953,3,6
7,0.8733352584206391,-10,-10,0.024915218353271484,0.23365670442581177,2.6460538,2.671284,-0.02523017,3,6
7,0.8733352584206391,-10,-10,0.024915218353271484,0.23365670442581177,5.657277,5.3229456,0.3343315,3,6
7,0.8733352584206391,-10,-10,0.024915218353271484,0.23365670442581177,5.1022387,5.261355,-0.15911627,3,6
7,0.8733352584206391,-10,-10,0.024915218353271484,0.23365670442581177,3.5563996,3.6017277,-0.04532814,3,6
7,0.8733352584206391,-10,-10,0.024915218353271484,0.23365670442581177,-1.4499176,-1.6424605,0.19254291,3,6
7,0.8733352584206391,-10,-10,0.024915218353271484,0.23365670442581177,5.650799,5.675862,-0.025063038,3,6
7,0.8733352584206391,-10,-10,0.024915218353271484,0.23365670442581177,3.7451174,1.7550012,1.9901162,3,6
7,0.8733352584206391,-10,-10,0.024915218353271484,0.23365670442581177,2.2463522,2.2840781,-0.037725925,3,6
7,0.8733352584206391,-10,-10,0.024915218353271484,0.23365670442581177,4.69173,4.9132743,-0.22154427,3,6
7,0.8733352584206391,-10,-10,0.024915218353271484,0.23365670442581177,3.7076988,3.5839376,0.12376118,3,6
7,0.8733352584206391,-10,-10,0.024915218353271484,0.23365670442581177,4.3268065,4.3584795,-0.031672955,3,6
7,0.8733352584206391,-10,-10,0.024915218353271484,0.23365670442581177,0.07462627,0.5026715,-0.4280452,3,6
7,0.8733352584206391,-10,-10,0.024915218353271484,0.23365670442581177,3.2374802,3.131047,0.10643315,3,6
7,0.8733352584206391,-10,-10,0.024915218353271484,0.23365670442581177,6.213279,6.016785,0.19649363,3,6
7,0.8733352584206391,-10,-10,0.024915218353271484,0.23365670442581177,2.3706553,2.3975878,-0.026932478,3,6
7,0.8733352584206391,-10,-10,0.024915218353271484,0.23365670442581177,4.4656954,4.5161633,-0.050467968,3,6
7,0.8733352584206391,-10,-10,0.024915218353271484,0.23365670442581177,3.1541884,3.0870728,0.067115545,3,6
7,0.8733352584206391,-10,-10,0.024915218353271484,0.23365670442581177,5.4447417,5.411458,0.03328371,3,6
7,0.8733352584206391,-10,-10,0.024915218353271484,0.23365670442581177,6.157141,5.9328394,0.22430182,3,6
7,0.8733352584206391,-10,-10,0.024915218353271484,0.23365670442581177,-0.60845613,-0.6200588,0.01160264,3,6
7,0.8733352584206391,-10,-10,0.024915218353271484,0.23365670442581177,-1.4952354,-1.3165197,-0.1787157,3,6
7,0.8733352584206391,-10,-10,0.024915218353271484,0.23365670442581177,4.474337,0.8987969,3.57554,3,6
7,0.8733352584206391,-10,-10,0.024915218353271484,0.23365670442581177,4.6419797,4.4082007,0.23377895,3,6
7,0.8733352584206391,-10,-10,0.024915218353271484,0.23365670442581177,1.1815352,1.4071413,-0.22560608,3,6
7,0.8733352584206391,-10,-10,0.024915218353271484,0.23365670442581177,2.3708746,2.543294,-0.17241931,3,6
7,0.8733352584206391,-10,-10,0.024915218353271484,0.23365670442581177,4.1818323,4.1989403,-0.017107964,3,6
7,0.8733352584206391,-10,-10,0.024915218353271484,0.23365670442581177,-6.516334,-6.904964,0.3886299,3,6
7,0.8733352584206391,-10,-10,0.024915218353271484,0.23365670442581177,2.1263404,1.9829437,0.14339674,3,6
7,0.8733352584206391,-10,-10,0.024915218353271484,0.23365670442581177,4.402193,4.3462014,0.05599165,3,6
7,0.8733352584206391,-10,-10,0.024915218353271484,0.23365670442581177,2.6570995,2.6438532,0.013246298,3,6
7,0.8733352584206391,-10,-10,0.024915218353271484,0.23365670442581177,2.982554,3.040741,-0.058187008,3,6
7,0.8733352584206391,-10,-10,0.024915218353271484,0.23365670442581177,6.0230036,5.8615904,0.1614132,3,6
7,0.8733352584206391,-10,-10,0.024915218353271484,0.23365670442581177,1.5397347,1.8139695,-0.27423477,3,6
7,0.8733352584206391,-10,-10,0.024915218353271484,0.23365670442581177,3.724993,3.7681992,-0.043206215,3,6
7,0.8733352584206391,-10,-10,0.024915218353271484,0.23365670442581177,4.046578,4.0776544,-0.031076431,3,6
7,0.8733352584206391,-10,-10,0.024915218353271484,0.23365670442581177,5.5565743,5.4623675,0.09420681,3,6
7,0.8733352584206391,-10,-10,0.024915218353271484,0.23365670442581177,5.4142733,5.2730947,0.14117861,3,6
7,0.8733352584206391,-10,-10,0.024915218353271484,0.23365670442581177,3.2454982,3.2441974,0.0013008118,3,6
7,0.8733352584206391,-10,-10,0.024915218353271484,0.23365670442581177,4.3460913,4.377166,-0.031074524,3,6
7,0.8733352584206391,-10,-10,0.024915218353271484,0.23365670442581177,1.9587022,1.6594529,0.2992493,3,6
7,0.8733352584206391,-10,-10,0.024915218353271484,0.23365670442581177,6.511188,6.3545094,0.15667868,3,6
7,0.8733352584206391,-10,-10,0.024915218353271484,0.23365670442581177,2.331777,2.2727141,0.059062958,3,6
7,0.8733352584206391,-10,-10,0.024915218353271484,0.23365670442581177,3.299772,3.3060465,-0.0062744617,3,6
7,0.8733352584206391,-10,-10,0.024915218353271484,0.23365670442581177,3.445771,3.459783,-0.014012098,3,6
7,0.8733352584206391,-10,-10,0.024915218353271484,0.23365670442581177,-1.2159691,-1.097972,-0.11799705,3,6
7,0.8733352584206391,-10,-10,0.024915218353271484,0.23365670442581177,4.4276443,4.433327,-0.0056829453,3,6
7,0.8733352584206391,-10,-10,0.024915218353271484,0.23365670442581177,-1.1460264,-0.88457775,-0.26144862,3,6
7,0.8733352584206391,-10,-10,0.024915218353271484,0.23365670442581177,-3.3829935,-3.5174181,0.13442469,3,6
7,0.8733352584206391,-10,-10,0.024915218353271484,0.23365670442581177,2.7444963,3.918172,-1.1736755,3,6
7,0.8733352584206391,-10,-10,0.024915218353271484,0.23365670442581177,1.9262751,1.7397499,0.18652523,3,6
7,0.8733352584206391,-10,-10,0.024915218353271484,0.23365670442581177,5.097778,5.0085344,0.08924341,3,6
7,0.8733352584206391,-10,-10,0.024915218353271484,0.23365670442581177,5.049568,6.1080203,-1.0584521,3,6
7,0.8733352584206391,-10,-10,0.024915218353271484,0.23365670442581177,1.9973443,2.1664696,-0.16912532,3,6
7,0.8733352584206391,-10,-10,0.024915218353271484,0.23365670442581177,5.8398075,5.728496,0.111311436,3,6
7,0.8733352584206391,-10,-10,0.024915218353271484,0.23365670442581177,-5.454017,-5.415764,-0.038253307,3,6
7,0.8733352584206391,-10,-10,0.024915218353271484,0.23365670442581177,-2.7783492,-2.51795,-0.2603991,3,6
7,0.8733352584206391,-10,-10,0.024915218353271484,0.23365670442581177,3.8902543,3.9823697,-0.0921154,3,6
7,0.8733352584206391,-10,-10,0.024915218353271484,0.23365670442581177,-0.17108425,0.064955,-0.23603925,3,6
7,0.8733352584206391,-10,-10,0.024915218353271484,0.23365670442581177,2.0636017,2.07478,-0.011178255,3,6
7,0.8733352584206391,-10,-10,0.024915218353271484,0.23365670442581177,2.2498126,2.3043237,-0.05451107,3,6
7,0.8733352584206391,-10,-10,0.024915218353271484,0.23365670442581177,2.5020843,2.4067376,0.09534669,3,6
7,0.8733352584206391,-10,-10,0.024915218353271484,0.23365670442581177,6.480381,6.278186,0.20219517,3,6
7,0.8733352584206391,-10,-10,0.024915218353271484,0.23365670442581177,1.6525693,1.369236,0.2833333,3,6
7,0.8733352584206391,-10,-10,0.024915218353271484,0.23365670442581177,-5.617775,-5.578734,-0.039041042,3,6
7,0.8733352584206391,-10,-10,0.024915218353271484,0.23365670442581177,4.2173223,4.234258,-0.016935825,3,6
7,0.8733352584206391,-10,-10,0.024915218353271484,0.23365670442581177,4.0435452,4.102958,-0.059412956,3,6
8,0.8689685821285359,-10,-10,0.02720022201538086,1.0872087478637695,-2.719039,-2.63926,-0.07977891,8,36
8,0.8689685821285359,-10,-10,0.02720022201538086,1.0872087478637695,5.5104465,5.5069556,0.0034909248,8,36
8,0.8689685821285359,-10,-10,0.02720022201538086,1.0872087478637695,3.1429565,3.4196882,-0.27673173,8,36
8,0.8689685821285359,-10,-10,0.02720022201538086,1.0872087478637695,4.0168447,3.9808762,0.035968542,8,36
8,0.8689685821285359,-10,-10,0.02720022201538086,1.0872087478637695,-1.8674664,-1.6418649,-0.22560155,8,36
8,0.8689685821285359,-10,-10,0.02720022201538086,1.0872087478637695,1.0629991,1.0938118,-0.030812621,8,36
8,0.8689685821285359,-10,-10,0.02720022201538086,1.0872087478637695,-1.289086,-1.5699189,0.2808329,8,36
8,0.8689685821285359,-10,-10,0.02720022201538086,1.0872087478637695,5.033655,5.2746134,-0.24095821,8,36
8,0.8689685821285359,-10,-10,0.02720022201538086,1.0872087478637695,3.9803622,3.939231,0.041131258,8,36
8,0.8689685821285359,-10,-10,0.02720022201538086,1.0872087478637695,4.378468,4.3057666,0.072701454,8,36
8,0.8689685821285359,-10,-10,0.02720022201538086,1.0872087478637695,4.341841,4.5081906,-0.16634941,8,36
8,0.8689685821285359,-10,-10,0.02720022201538086,1.0872087478637695,5.0055504,5.1798406,-0.17429018,8,36
8,0.8689685821285359,-10,-10,0.02720022201538086,1.0872087478637695,4.459603,4.5468583,-0.08725548,8,36
8,0.8689685821285359,-10,-10,0.02720022201538086,1.0872087478637695,3.7889466,3.4853256,0.30362105,8,36
8,0.8689685821285359,-10,-10,0.02720022201538086,1.0872087478637695,0.657349,0.77746737,-0.12011838,8,36
8,0.8689685821285359,-10,-10,0.02720022201538086,1.0872087478637695,-0.059498414,0.09829271,-0.15779112,8,36
8,0.8689685821285359,-10,-10,0.02720022201538086,1.0872087478637695,3.5721545,3.7669568,-0.19480228,8,36
8,0.8689685821285359,-10,-10,0.02720022201538086,1.0872087478637695,4.7855606,5.024762,-0.23920155,8,36
8,0.8689685821285359,-10,-10,0.02720022201538086,1.0872087478637695,0.46227372,0.64950967,-0.18723595,8,36
8,0.8689685821285359,-10,-10,0.02720022201538086,1.0872087478637695,4.287871,4.3950686,-0.10719776,8,36
8,0.8689685821285359,-10,-10,0.02720022201538086,1.0872087478637695,4.1296387,4.1936936,-0.064054966,8,36
8,0.8689685821285359,-10,-10,0.02720022201538086,1.0872087478637695,1.8246378,2.1022575,-0.27761972,8,36
8,0.8689685821285359,-10,-10,0.02720022201538086,1.0872087478637695,4.8235946,4.962229,-0.1386342,8,36
8,0.8689685821285359,-10,-10,0.02720022201538086,1.0872087478637695,3.832878,3.9710965,-0.1382184,8,36
8,0.8689685821285359,-10,-10,0.02720022201538086,1.0872087478637695,3.7729888,3.8866925,-0.11370373,8,36
8,0.8689685821285359,-10,-10,0.02720022201538086,1.0872087478637695,3.915095,3.916202,-0.0011069775,8,36
8,0.8689685821285359,-10,-10,0.02720022201538086,1.0872087478637695,4.3160853,4.1996374,0.116447926,8,36
8,0.8689685821285359,-10,-10,0.02720022201538086,1.0872087478637695,5.632334,5.7288146,-0.09648037,8,36
8,0.8689685821285359,-10,-10,0.02720022201538086,1.0872087478637695,4.072972,4.083989,-0.011017323,8,36
8,0.8689685821285359,-10,-10,0.02720022201538086,1.0872087478637695,-1.0948898,-0.8647206,-0.23016918,8,36
8,0.8689685821285359,-10,-10,0.02720022201538086,1.0872087478637695,2.5376568,2.643205,-0.10554814,8,36
8,0.8689685821285359,-10,-10,0.02720022201538086,1.0872087478637695,2.7940276,2.8081665,-0.014138937,8,36
8,0.8689685821285359,-10,-10,0.02720022201538086,1.0872087478637695,4.4546213,4.576998,-0.12237692,8,36
8,0.8689685821285359,-10,-10,0.02720022201538086,1.0872087478637695,-10.0,-5.3362412,-4.6637588,8,36
8,0.8689685821285359,-10,-10,0.02720022201538086,1.0872087478637695,4.3867106,4.3957353,-0.00902462,8,36
8,0.8689685821285359,-10,-10,0.02720022201538086,1.0872087478637695,4.2490554,4.340511,-0.09145546,8,36
8,0.8689685821285359,-10,-10,0.02720022201538086,1.0872087478637695,4.5318565,4.566101,-0.034244537,8,36
8,0.8689685821285359,-10,-10,0.02720022201538086,1.0872087478637695,3.8368149,4.144879,-0.30806398,8,36
8,0.8689685821285359,-10,-10,0.02720022201538086,1.0872087478637695,0.76826113,0.6456202,0.12264091,8,36
8,0.8689685821285359,-10,-10,0.02720022201538086,1.0872087478637695,1.9617673,2.0698633,-0.108096,8,36
8,0.8689685821285359,-10,-10,0.02720022201538086,1.0872087478637695,2.5570498,2.6932042,-0.13615441,8,36
8,0.8689685821285359,-10,-10,0.02720022201538086,1.0872087478637695,3.8925724,4.0727596,-0.18018723,8,36
8,0.8689685821285359,-10,-10,0.02720022201538086,1.0872087478637695,4.334757,4.223324,0.11143303,8,36
8,0.8689685821285359,-10,-10,0.02720022201538086,1.0872087478637695,1.4911987,1.5516996,-0.06050098,8,36
8,0.8689685821285359,-10,-10,0.02720022201538086,1.0872087478637695,3.2757995,3.2076764,0.0681231,8,36
8,0.8689685821285359,-10,-10,0.02720022201538086,1.0872087478637695,-0.8089132,-0.615415,-0.1934982,8,36
8,0.8689685821285359,-10,-10,0.02720022201538086,1.0872087478637695,4.534039,4.5327725,0.0012664795,8,36
8,0.8689685821285359,-10,-10,0.02720022201538086,1.0872087478637695,5.6461067,5.7861433,-0.14003658,8,36
8,0.8689685821285359,-10,-10,0.02720022201538086,1.0872087478637695,-10.0,-7.1604404,-2.8395596,8,36
8,0.8689685821285359,-10,-10,0.02720022201538086,1.0872087478637695,4.2651663,4.32601,-0.060843945,8,36
8,0.8689685821285359,-10,-10,0.02720022201538086,1.0872087478637695,3.913839,3.7167146,0.19712448,8,36
8,0.8689685821285359,-10,-10,0.02720022201538086,1.0872087478637695,-3.2264738,-2.9093692,-0.31710458,8,36
8,0.8689685821285359,-10,-10,0.02720022201538086,1.0872087478637695,5.1040993,5.325125,-0.22102594,8,36
8,0.8689685821285359,-10,-10,0.02720022201538086,1.0872087478637695,3.5262911,3.522116,0.004175186,8,36
8,0.8689685821285359,-10,-10,0.02720022201538086,1.0872087478637695,2.0976,1.9999324,0.097667575,8,36
8,0.8689685821285359,-10,-10,0.02720022201538086,1.0872087478637695,4.690824,4.832413,-0.14158916,8,36
8,0.8689685821285359,-10,-10,0.02720022201538086,1.0872087478637695,1.7875063,1.9432161,-0.15570974,8,36
8,0.8689685821285359,-10,-10,0.02720022201538086,1.0872087478637695,4.343037,4.416711,-0.073673725,8,36
8,0.8689685821285359,-10,-10,0.02720022201538086,1.0872087478637695,4.0537415,4.057069,-0.0033273697,8,36
8,0.8689685821285359,-10,-10,0.02720022201538086,1.0872087478637695,5.00278,5.1809626,-0.1781826,8,36
8,0.8689685821285359,-10,-10,0.02720022201538086,1.0872087478637695,1.891833,2.0399368,-0.14810383,8,36
8,0.8689685821285359,-10,-10,0.02720022201538086,1.0872087478637695,4.4742594,4.4294825,0.044776917,8,36
8,0.8689685821285359,-10,-10,0.02720022201538086,1.0872087478637695,4.5551786,4.523802,0.03137684,8,36
8,0.8689685821285359,-10,-10,0.02720022201538086,1.0872087478637695,2.5455186,2.6322196,-0.08670092,8,36
8,0.8689685821285359,-10,-10,0.02720022201538086,1.0872087478637695,4.041102,4.128825,-0.087723255,8,36
8,0.8689685821285359,-10,-10,0.02720022201538086,1.0872087478637695,-1.8674664,-1.902375,0.034908533,8,36
8,0.8689685821285359,-10,-10,0.02720022201538086,1.0872087478637695,4.5962534,4.560676,0.035577297,8,36
8,0.8689685821285359,-10,-10,0.02720022201538086,1.0872087478637695,2.5916653,2.709033,-0.117367744,8,36
8,0.8689685821285359,-10,-10,0.02720022201538086,1.0872087478637695,2.899243,2.9155347,-0.016291618,8,36
8,0.8689685821285359,-10,-10,0.02720022201538086,1.0872087478637695,5.045842,4.785877,0.25996494,8,36
8,0.8689685821285359,-10,-10,0.02720022201538086,1.0872087478637695,3.9935532,4.1207128,-0.1271596,8,36
8,0.8689685821285359,-10,-10,0.02720022201538086,1.0872087478637695,-3.184543,-3.2316658,0.047122955,8,36
8,0.8689685821285359,-10,-10,0.02720022201538086,1.0872087478637695,4.6222734,4.7980685,-0.17579508,8,36
8,0.8689685821285359,-10,-10,0.02720022201538086,1.0872087478637695,4.1575136,4.236468,-0.07895422,8,36
8,0.8689685821285359,-10,-10,0.02720022201538086,1.0872087478637695,4.17426,4.2216263,-0.047366142,8,36
8,0.8689685821285359,-10,-10,0.02720022201538086,1.0872087478637695,3.6600187,3.6487763,0.01124239,8,36
8,0.8689685821285359,-10,-10,0.02720022201538086,1.0872087478637695,2.6027582,2.6948411,-0.09208298,8,36
8,0.8689685821285359,-10,-10,0.02720022201538086,1.0872087478637695,-2.1175668,-2.1786416,0.061074734,8,36
8,0.8689685821285359,-10,-10,0.02720022201538086,1.0872087478637695,3.0195045,2.9895678,0.02993679,8,36
8,0.8689685821285359,-10,-10,0.02720022201538086,1.0872087478637695,1.5603837,1.5029839,0.05739975,8,36
8,0.8689685821285359,-10,-10,0.02720022201538086,1.0872087478637695,4.2778025,4.429613,-0.15181065,8,36
8,0.8689685821285359,-10,-10,0.02720022201538086,1.0872087478637695,3.139749,3.1872144,-0.047465324,8,36
8,0.8689685821285359,-10,-10,0.02720022201538086,1.0872087478637695,4.531841,4.58682,-0.054979324,8,36
8,0.8689685821285359,-10,-10,0.02720022201538086,1.0872087478637695,1.4067327,2.0785353,-0.67180264,8,36
8,0.8689685821285359,-10,-10,0.02720022201538086,1.0872087478637695,-0.032584004,0.13195059,-0.1645346,8,36
8,0.8689685821285359,-10,-10,0.02720022201538086,1.0872087478637695,4.922213,5.0305023,-0.10828924,8,36
8,0.8689685821285359,-10,-10,0.02720022201538086,1.0872087478637695,-3.0641024,-2.9791474,-0.08495498,8,36
8,0.8689685821285359,-10,-10,0.02720022201538086,1.0872087478637695,4.47113,4.7498155,-0.27868557,8,36
8,0.8689685821285359,-10,-10,0.02720022201538086,1.0872087478637695,4.51538,4.5118694,0.0035104752,8,36
8,0.8689685821285359,-10,-10,0.02720022201538086,1.0872087478637695,4.182441,4.3460712,-0.16363001,8,36
8,0.8689685821285359,-10,-10,0.02720022201538086,1.0872087478637695,0.8243649,0.902133,-0.07776809,8,36
8,0.8689685821285359,-10,-10,0.02720022201538086,1.0872087478637695,2.6194487,2.680007,-0.06055832,8,36
8,0.8689685821285359,-10,-10,0.02720022201538086,1.0872087478637695,2.9496381,3.087973,-0.13833499,8,36
8,0.8689685821285359,-10,-10,0.02720022201538086,1.0872087478637695,1.2554749,1.169379,0.08609593,8,36
8,0.8689685821285359,-10,-10,0.02720022201538086,1.0872087478637695,5.4423914,5.7379684,-0.29557705,8,36
8,0.8689685821285359,-10,-10,0.02720022201538086,1.0872087478637695,4.053941,4.094325,-0.040384293,8,36
8,0.8689685821285359,-10,-10,0.02720022201538086,1.0872087478637695,-2.8292582,-2.6845248,-0.14473343,8,36
8,0.8689685821285359,-10,-10,0.02720022201538086,1.0872087478637695,4.2595882,4.350197,-0.0906086,8,36
8,0.8689685821285359,-10,-10,0.02720022201538086,1.0872087478637695,1.8271263,1.711388,0.11573827,8,36
8,0.8689685821285359,-10,-10,0.02720022201538086,1.0872087478637695,4.457228,4.3486853,0.10854292,8,36
8,0.8689685821285359,-10,-10,0.02720022201538086,1.0872087478637695,5.190739,4.8680897,0.32264948,8,36
8,0.8689685821285359,-10,-10,0.02720022201538086,1.0872087478637695,4.300062,4.2594275,0.040634632,8,36
8,0.8689685821285359,-10,-10,0.02720022201538086,1.0872087478637695,4.649046,4.7343836,-0.08533764,8,36
8,0.8689685821285359,-10,-10,0.02720022201538086,1.0872087478637695,-10.0,-3.264307,-6.735693,8,36
8,0.8689685821285359,-10,-10,0.02720022201538086,1.0872087478637695,3.9789848,4.021313,-0.042328358,8,36
8,0.8689685821285359,-10,-10,0.02720022201538086,1.0872087478637695,4.036484,4.1594844,-0.12300062,8,36
8,0.8689685821285359,-10,-10,0.02720022201538086,1.0872087478637695,-2.4701836,-2.3308985,-0.13928509,8,36
8,0.8689685821285359,-10,-10,0.02720022201538086,1.0872087478637695,5.2540526,-0.6653814,5.919434,8,36
8,0.8689685821285359,-10,-10,0.02720022201538086,1.0872087478637695,5.2140346,5.264963,-0.050928593,8,36
8,0.8689685821285359,-10,-10,0.02720022201538086,1.0872087478637695,4.979054,5.0214005,-0.042346478,8,36
8,0.8689685821285359,-10,-10,0.02720022201538086,1.0872087478637695,0.33199713,0.6528862,-0.3208891,8,36
8,0.8689685821285359,-10,-10,0.02720022201538086,1.0872087478637695,-0.83190405,-0.73800176,-0.09390229,8,36
8,0.8689685821285359,-10,-10,0.02720022201538086,1.0872087478637695,-1.7209144,-1.7433379,0.022423506,8,36
8,0.8689685821285359,-10,-10,0.02720022201538086,1.0872087478637695,5.102275,5.166736,-0.06446123,8,36
8,0.8689685821285359,-10,-10,0.02720022201538086,1.0872087478637695,1.5441444,1.6098435,-0.0656991,8,36
8,0.8689685821285359,-10,-10,0.02720022201538086,1.0872087478637695,-1.0951918,-1.0099308,-0.08526099,8,36
8,0.8689685821285359,-10,-10,0.02720022201538086,1.0872087478637695,4.3523436,4.4614015,-0.1090579,8,36
8,0.8689685821285359,-10,-10,0.02720022201538086,1.0872087478637695,-2.0321772,-2.089324,0.057146788,8,36
8,0.8689685821285359,-10,-10,0.02720022201538086,1.0872087478637695,-1.8107026,-1.7272578,-0.083444715,8,36
8,0.8689685821285359,-10,-10,0.02720022201538086,1.0872087478637695,-0.55226934,-0.37971008,-0.17255926,8,36
8,0.8689685821285359,-10,-10,0.02720022201538086,1.0872087478637695,4.2885494,4.450493,-0.16194344,8,36
8,0.8689685821285359,-10,-10,0.02720022201538086,1.0872087478637695,4.938649,-0.15313798,5.0917873,8,36
8,0.8689685821285359,-10,-10,0.02720022201538086,1.0872087478637695,1.6971505,1.8052428,-0.10809231,8,36
8,0.8689685821285359,-10,-10,0.02720022201538086,1.0872087478637695,-5.2535224,-4.859053,-0.39446926,8,36
8,0.8689685821285359,-10,-10,0.02720022201538086,1.0872087478637695,4.4169602,4.4330726,-0.016112328,8,36
8,0.8689685821285359,-10,-10,0.02720022201538086,1.0872087478637695,4.170132,4.400528,-0.2303958,8,36
8,0.8689685821285359,-10,-10,0.02720022201538086,1.0872087478637695,1.9880553,2.101197,-0.113141656,8,36
8,0.8689685821285359,-10,-10,0.02720022201538086,1.0872087478637695,4.4519305,4.5752025,-0.12327194,8,36
